Time,Height
9/24/2022 18:00,-0.079
9/24/2022 18:01,-0.084
9/24/2022 18:02,-0.089
9/24/2022 18:03,-0.093
9/24/2022 18:04,-0.098
9/24/2022 18:05,-0.103
9/24/2022 18:06,-0.107
9/24/2022 18:07,-0.112
9/24/2022 18:08,-0.117
9/24/2022 18:09,-0.121
9/24/2022 18:10,-0.126
9/24/2022 18:11,-0.13
9/24/2022 18:12,-0.135
9/24/2022 18:13,-0.139
9/24/2022 18:14,-0.144
9/24/2022 18:15,-0.148
9/24/2022 18:16,-0.152
9/24/2022 18:17,-0.157
9/24/2022 18:18,-0.161
9/24/2022 18:19,-0.166
9/24/2022 18:20,-0.17
9/24/2022 18:21,-0.174
9/24/2022 18:22,-0.178
9/24/2022 18:23,-0.182
9/24/2022 18:24,-0.187
9/24/2022 18:25,-0.191
9/24/2022 18:26,-0.195
9/24/2022 18:27,-0.199
9/24/2022 18:28,-0.203
9/24/2022 18:29,-0.207
9/24/2022 18:30,-0.211
9/24/2022 18:31,-0.215
9/24/2022 18:32,-0.219
9/24/2022 18:33,-0.223
9/24/2022 18:34,-0.227
9/24/2022 18:35,-0.231
9/24/2022 18:36,-0.235
9/24/2022 18:37,-0.239
9/24/2022 18:38,-0.243
9/24/2022 18:39,-0.247
9/24/2022 18:40,-0.251
9/24/2022 18:41,-0.255
9/24/2022 18:42,-0.259
9/24/2022 18:43,-0.263
9/24/2022 18:44,-0.267
9/24/2022 18:45,-0.271
9/24/2022 18:46,-0.276
9/24/2022 18:47,-0.28
9/24/2022 18:48,-0.284
9/24/2022 18:49,-0.288
9/24/2022 18:50,-0.292
9/24/2022 18:51,-0.296
9/24/2022 18:52,-0.3
9/24/2022 18:53,-0.304
9/24/2022 18:54,-0.308
9/24/2022 18:55,-0.312
9/24/2022 18:56,-0.316
9/24/2022 18:57,-0.32
9/24/2022 18:58,-0.324
9/24/2022 18:59,-0.328
9/24/2022 19:00,-0.332
9/24/2022 19:01,-0.336
9/24/2022 19:02,-0.34
9/24/2022 19:03,-0.344
9/24/2022 19:04,-0.347
9/24/2022 19:05,-0.351
9/24/2022 19:06,-0.355
9/24/2022 19:07,-0.358
9/24/2022 19:08,-0.362
9/24/2022 19:09,-0.365
9/24/2022 19:10,-0.368
9/24/2022 19:11,-0.372
9/24/2022 19:12,-0.375
9/24/2022 19:13,-0.378
9/24/2022 19:14,-0.381
9/24/2022 19:15,-0.384
9/24/2022 19:16,-0.387
9/24/2022 19:17,-0.39
9/24/2022 19:18,-0.393
9/24/2022 19:19,-0.396
9/24/2022 19:20,-0.398
9/24/2022 19:21,-0.401
9/24/2022 19:22,-0.404
9/24/2022 19:23,-0.406
9/24/2022 19:24,-0.408
9/24/2022 19:25,-0.411
9/24/2022 19:26,-0.413
9/24/2022 19:27,-0.415
9/24/2022 19:28,-0.418
9/24/2022 19:29,-0.42
9/24/2022 19:30,-0.422
9/24/2022 19:31,-0.424
9/24/2022 19:32,-0.426
9/24/2022 19:33,-0.428
9/24/2022 19:34,-0.43
9/24/2022 19:35,-0.432
9/24/2022 19:36,-0.434
9/24/2022 19:37,-0.436
9/24/2022 19:38,-0.438
9/24/2022 19:39,-0.44
9/24/2022 19:40,-0.442
9/24/2022 19:41,-0.444
9/24/2022 19:42,-0.446
9/24/2022 19:43,-0.448
9/24/2022 19:44,-0.45
9/24/2022 19:45,-0.453
9/24/2022 19:46,-0.455
9/24/2022 19:47,-0.457
9/24/2022 19:48,-0.459
9/24/2022 19:49,-0.461
9/24/2022 19:50,-0.463
9/24/2022 19:51,-0.465
9/24/2022 19:52,-0.467
9/24/2022 19:53,-0.469
9/24/2022 19:54,-0.471
9/24/2022 19:55,-0.473
9/24/2022 19:56,-0.475
9/24/2022 19:57,-0.477
9/24/2022 19:58,-0.479
9/24/2022 19:59,-0.481
9/24/2022 20:00,-0.483
9/24/2022 20:01,-0.485
9/24/2022 20:02,-0.487
9/24/2022 20:03,-0.489
9/24/2022 20:04,-0.491
9/24/2022 20:05,-0.492
9/24/2022 20:06,-0.494
9/24/2022 20:07,-0.495
9/24/2022 20:08,-0.497
9/24/2022 20:09,-0.498
9/24/2022 20:10,-0.499
9/24/2022 20:11,-0.5
9/24/2022 20:12,-0.501
9/24/2022 20:13,-0.502
9/24/2022 20:14,-0.503
9/24/2022 20:15,-0.504
9/24/2022 20:16,-0.504
9/24/2022 20:17,-0.505
9/24/2022 20:18,-0.505
9/24/2022 20:19,-0.506
9/24/2022 20:20,-0.506
9/24/2022 20:21,-0.506
9/24/2022 20:22,-0.507
9/24/2022 20:23,-0.507
9/24/2022 20:24,-0.507
9/24/2022 20:25,-0.506
9/24/2022 20:26,-0.506
9/24/2022 20:27,-0.506
9/24/2022 20:28,-0.506
9/24/2022 20:29,-0.505
9/24/2022 20:30,-0.504
9/24/2022 20:31,-0.504
9/24/2022 20:32,-0.503
9/24/2022 20:33,-0.503
9/24/2022 20:34,-0.502
9/24/2022 20:35,-0.502
9/24/2022 20:36,-0.501
9/24/2022 20:37,-0.501
9/24/2022 20:38,-0.5
9/24/2022 20:39,-0.5
9/24/2022 20:40,-0.499
9/24/2022 20:41,-0.498
9/24/2022 20:42,-0.498
9/24/2022 20:43,-0.497
9/24/2022 20:44,-0.497
9/24/2022 20:45,-0.496
9/24/2022 20:46,-0.496
9/24/2022 20:47,-0.495
9/24/2022 20:48,-0.495
9/24/2022 20:49,-0.494
9/24/2022 20:50,-0.493
9/24/2022 20:51,-0.493
9/24/2022 20:52,-0.492
9/24/2022 20:53,-0.492
9/24/2022 20:54,-0.491
9/24/2022 20:55,-0.491
9/24/2022 20:56,-0.49
9/24/2022 20:57,-0.49
9/24/2022 20:58,-0.489
9/24/2022 20:59,-0.489
9/24/2022 21:00,-0.488
9/24/2022 21:01,-0.487
9/24/2022 21:02,-0.487
9/24/2022 21:03,-0.486
9/24/2022 21:04,-0.485
9/24/2022 21:05,-0.484
9/24/2022 21:06,-0.483
9/24/2022 21:07,-0.482
9/24/2022 21:08,-0.481
9/24/2022 21:09,-0.479
9/24/2022 21:10,-0.478
9/24/2022 21:11,-0.477
9/24/2022 21:12,-0.475
9/24/2022 21:13,-0.473
9/24/2022 21:14,-0.472
9/24/2022 21:15,-0.47
9/24/2022 21:16,-0.468
9/24/2022 21:17,-0.466
9/24/2022 21:18,-0.464
9/24/2022 21:19,-0.462
9/24/2022 21:20,-0.46
9/24/2022 21:21,-0.457
9/24/2022 21:22,-0.455
9/24/2022 21:23,-0.452
9/24/2022 21:24,-0.45
9/24/2022 21:25,-0.447
9/24/2022 21:26,-0.444
9/24/2022 21:27,-0.442
9/24/2022 21:28,-0.439
9/24/2022 21:29,-0.436
9/24/2022 21:30,-0.433
9/24/2022 21:31,-0.43
9/24/2022 21:32,-0.427
9/24/2022 21:33,-0.424
9/24/2022 21:34,-0.421
9/24/2022 21:35,-0.417
9/24/2022 21:36,-0.414
9/24/2022 21:37,-0.411
9/24/2022 21:38,-0.408
9/24/2022 21:39,-0.405
9/24/2022 21:40,-0.402
9/24/2022 21:41,-0.399
9/24/2022 21:42,-0.396
9/24/2022 21:43,-0.393
9/24/2022 21:44,-0.39
9/24/2022 21:45,-0.387
9/24/2022 21:46,-0.384
9/24/2022 21:47,-0.381
9/24/2022 21:48,-0.378
9/24/2022 21:49,-0.375
9/24/2022 21:50,-0.372
9/24/2022 21:51,-0.369
9/24/2022 21:52,-0.366
9/24/2022 21:53,-0.363
9/24/2022 21:54,-0.36
9/24/2022 21:55,-0.356
9/24/2022 21:56,-0.353
9/24/2022 21:57,-0.35
9/24/2022 21:58,-0.347
9/24/2022 21:59,-0.344
9/24/2022 22:00,-0.341
9/24/2022 22:01,-0.338
9/24/2022 22:02,-0.335
9/24/2022 22:03,-0.332
9/24/2022 22:04,-0.328
9/24/2022 22:05,-0.325
9/24/2022 22:06,-0.322
9/24/2022 22:07,-0.318
9/24/2022 22:08,-0.315
9/24/2022 22:09,-0.311
9/24/2022 22:10,-0.308
9/24/2022 22:11,-0.304
9/24/2022 22:12,-0.3
9/24/2022 22:13,-0.296
9/24/2022 22:14,-0.292
9/24/2022 22:15,-0.288
9/24/2022 22:16,-0.284
9/24/2022 22:17,-0.28
9/24/2022 22:18,-0.276
9/24/2022 22:19,-0.272
9/24/2022 22:20,-0.268
9/24/2022 22:21,-0.264
9/24/2022 22:22,-0.259
9/24/2022 22:23,-0.255
9/24/2022 22:24,-0.25
9/24/2022 22:25,-0.246
9/24/2022 22:26,-0.241
9/24/2022 22:27,-0.237
9/24/2022 22:28,-0.232
9/24/2022 22:29,-0.227
9/24/2022 22:30,-0.223
9/24/2022 22:31,-0.218
9/24/2022 22:32,-0.213
9/24/2022 22:33,-0.208
9/24/2022 22:34,-0.203
9/24/2022 22:35,-0.199
9/24/2022 22:36,-0.194
9/24/2022 22:37,-0.189
9/24/2022 22:38,-0.184
9/24/2022 22:39,-0.179
9/24/2022 22:40,-0.175
9/24/2022 22:41,-0.17
9/24/2022 22:42,-0.165
9/24/2022 22:43,-0.16
9/24/2022 22:44,-0.155
9/24/2022 22:45,-0.151
9/24/2022 22:46,-0.146
9/24/2022 22:47,-0.141
9/24/2022 22:48,-0.136
9/24/2022 22:49,-0.131
9/24/2022 22:50,-0.127
9/24/2022 22:51,-0.122
9/24/2022 22:52,-0.117
9/24/2022 22:53,-0.112
9/24/2022 22:54,-0.107
9/24/2022 22:55,-0.103
9/24/2022 22:56,-0.098
9/24/2022 22:57,-0.093
9/24/2022 22:58,-0.088
9/24/2022 22:59,-0.083
9/24/2022 23:00,-0.079
9/24/2022 23:01,-0.074
9/24/2022 23:02,-0.069
9/24/2022 23:03,-0.064
9/24/2022 23:04,-0.059
9/24/2022 23:05,-0.054
9/24/2022 23:06,-0.049
9/24/2022 23:07,-0.045
9/24/2022 23:08,-0.04
9/24/2022 23:09,-0.035
9/24/2022 23:10,-0.03
9/24/2022 23:11,-0.025
9/24/2022 23:12,-0.02
9/24/2022 23:13,-0.015
9/24/2022 23:14,-0.01
9/24/2022 23:15,-0.005
9/24/2022 23:16,0
9/24/2022 23:17,0.006
9/24/2022 23:18,0.011
9/24/2022 23:19,0.016
9/24/2022 23:20,0.021
9/24/2022 23:21,0.026
9/24/2022 23:22,0.031
9/24/2022 23:23,0.036
9/24/2022 23:24,0.042
9/24/2022 23:25,0.047
9/24/2022 23:26,0.052
9/24/2022 23:27,0.057
9/24/2022 23:28,0.063
9/24/2022 23:29,0.068
9/24/2022 23:30,0.073
9/24/2022 23:31,0.078
9/24/2022 23:32,0.084
9/24/2022 23:33,0.089
9/24/2022 23:34,0.094
9/24/2022 23:35,0.1
9/24/2022 23:36,0.105
9/24/2022 23:37,0.11
9/24/2022 23:38,0.116
9/24/2022 23:39,0.121
9/24/2022 23:40,0.126
9/24/2022 23:41,0.131
9/24/2022 23:42,0.137
9/24/2022 23:43,0.142
9/24/2022 23:44,0.147
9/24/2022 23:45,0.153
9/24/2022 23:46,0.158
9/24/2022 23:47,0.163
9/24/2022 23:48,0.169
9/24/2022 23:49,0.174
9/24/2022 23:50,0.179
9/24/2022 23:51,0.184
9/24/2022 23:52,0.19
9/24/2022 23:53,0.195
9/24/2022 23:54,0.2
9/24/2022 23:55,0.206
9/24/2022 23:56,0.211
9/24/2022 23:57,0.216
9/24/2022 23:58,0.221
9/24/2022 23:59,0.227
9/25/2022 0:00,0.232
9/25/2022 0:01,0.237
9/25/2022 0:02,0.243
9/25/2022 0:03,0.248
9/25/2022 0:04,0.253
9/25/2022 0:05,0.258
9/25/2022 0:06,0.263
9/25/2022 0:07,0.268
9/25/2022 0:08,0.273
9/25/2022 0:09,0.278
9/25/2022 0:10,0.284
9/25/2022 0:11,0.288
9/25/2022 0:12,0.293
9/25/2022 0:13,0.298
9/25/2022 0:14,0.303
9/25/2022 0:15,0.308
9/25/2022 0:16,0.313
9/25/2022 0:17,0.318
9/25/2022 0:18,0.322
9/25/2022 0:19,0.327
9/25/2022 0:20,0.332
9/25/2022 0:21,0.337
9/25/2022 0:22,0.341
9/25/2022 0:23,0.346
9/25/2022 0:24,0.351
9/25/2022 0:25,0.355
9/25/2022 0:26,0.36
9/25/2022 0:27,0.364
9/25/2022 0:28,0.369
9/25/2022 0:29,0.373
9/25/2022 0:30,0.377
9/25/2022 0:31,0.382
9/25/2022 0:32,0.386
9/25/2022 0:33,0.391
9/25/2022 0:34,0.395
9/25/2022 0:35,0.4
9/25/2022 0:36,0.404
9/25/2022 0:37,0.408
9/25/2022 0:38,0.413
9/25/2022 0:39,0.417
9/25/2022 0:40,0.422
9/25/2022 0:41,0.426
9/25/2022 0:42,0.43
9/25/2022 0:43,0.435
9/25/2022 0:44,0.439
9/25/2022 0:45,0.444
9/25/2022 0:46,0.448
9/25/2022 0:47,0.453
9/25/2022 0:48,0.457
9/25/2022 0:49,0.461
9/25/2022 0:50,0.466
9/25/2022 0:51,0.47
9/25/2022 0:52,0.475
9/25/2022 0:53,0.479
9/25/2022 0:54,0.483
9/25/2022 0:55,0.488
9/25/2022 0:56,0.492
9/25/2022 0:57,0.497
9/25/2022 0:58,0.501
9/25/2022 0:59,0.506
9/25/2022 1:00,0.51
9/25/2022 1:01,0.514
9/25/2022 1:02,0.519
9/25/2022 1:03,0.523
9/25/2022 1:04,0.527
9/25/2022 1:05,0.531
9/25/2022 1:06,0.535
9/25/2022 1:07,0.539
9/25/2022 1:08,0.543
9/25/2022 1:09,0.547
9/25/2022 1:10,0.55
9/25/2022 1:11,0.554
9/25/2022 1:12,0.558
9/25/2022 1:13,0.561
9/25/2022 1:14,0.564
9/25/2022 1:15,0.568
9/25/2022 1:16,0.571
9/25/2022 1:17,0.574
9/25/2022 1:18,0.578
9/25/2022 1:19,0.581
9/25/2022 1:20,0.584
9/25/2022 1:21,0.587
9/25/2022 1:22,0.589
9/25/2022 1:23,0.592
9/25/2022 1:24,0.595
9/25/2022 1:25,0.598
9/25/2022 1:26,0.6
9/25/2022 1:27,0.603
9/25/2022 1:28,0.605
9/25/2022 1:29,0.608
9/25/2022 1:30,0.61
9/25/2022 1:31,0.612
9/25/2022 1:32,0.615
9/25/2022 1:33,0.617
9/25/2022 1:34,0.619
9/25/2022 1:35,0.621
9/25/2022 1:36,0.624
9/25/2022 1:37,0.626
9/25/2022 1:38,0.628
9/25/2022 1:39,0.631
9/25/2022 1:40,0.633
9/25/2022 1:41,0.635
9/25/2022 1:42,0.638
9/25/2022 1:43,0.64
9/25/2022 1:44,0.642
9/25/2022 1:45,0.645
9/25/2022 1:46,0.647
9/25/2022 1:47,0.649
9/25/2022 1:48,0.652
9/25/2022 1:49,0.654
9/25/2022 1:50,0.656
9/25/2022 1:51,0.659
9/25/2022 1:52,0.661
9/25/2022 1:53,0.663
9/25/2022 1:54,0.666
9/25/2022 1:55,0.668
9/25/2022 1:56,0.67
9/25/2022 1:57,0.672
9/25/2022 1:58,0.675
9/25/2022 1:59,0.677
9/25/2022 2:00,0.679
9/25/2022 2:01,0.682
9/25/2022 2:02,0.684
9/25/2022 2:03,0.686
9/25/2022 2:04,0.688
9/25/2022 2:05,0.69
9/25/2022 2:06,0.691
9/25/2022 2:07,0.693
9/25/2022 2:08,0.695
9/25/2022 2:09,0.696
9/25/2022 2:10,0.697
9/25/2022 2:11,0.699
9/25/2022 2:12,0.7
9/25/2022 2:13,0.701
9/25/2022 2:14,0.702
9/25/2022 2:15,0.703
9/25/2022 2:16,0.704
9/25/2022 2:17,0.704
9/25/2022 2:18,0.705
9/25/2022 2:19,0.706
9/25/2022 2:20,0.706
9/25/2022 2:21,0.706
9/25/2022 2:22,0.707
9/25/2022 2:23,0.707
9/25/2022 2:24,0.707
9/25/2022 2:25,0.707
9/25/2022 2:26,0.707
9/25/2022 2:27,0.706
9/25/2022 2:28,0.706
9/25/2022 2:29,0.706
9/25/2022 2:30,0.705
9/25/2022 2:31,0.705
9/25/2022 2:32,0.704
9/25/2022 2:33,0.704
9/25/2022 2:34,0.703
9/25/2022 2:35,0.703
9/25/2022 2:36,0.702
9/25/2022 2:37,0.702
9/25/2022 2:38,0.701
9/25/2022 2:39,0.701
9/25/2022 2:40,0.7
9/25/2022 2:41,0.7
9/25/2022 2:42,0.699
9/25/2022 2:43,0.699
9/25/2022 2:44,0.698
9/25/2022 2:45,0.698
9/25/2022 2:46,0.697
9/25/2022 2:47,0.697
9/25/2022 2:48,0.696
9/25/2022 2:49,0.696
9/25/2022 2:50,0.695
9/25/2022 2:51,0.695
9/25/2022 2:52,0.694
9/25/2022 2:53,0.694
9/25/2022 2:54,0.693
9/25/2022 2:55,0.693
9/25/2022 2:56,0.692
9/25/2022 2:57,0.692
9/25/2022 2:58,0.691
9/25/2022 2:59,0.691
9/25/2022 3:00,0.69
9/25/2022 3:01,0.69
9/25/2022 3:02,0.689
9/25/2022 3:03,0.688
9/25/2022 3:04,0.687
9/25/2022 3:05,0.686
9/25/2022 3:06,0.685
9/25/2022 3:07,0.684
9/25/2022 3:08,0.683
9/25/2022 3:09,0.682
9/25/2022 3:10,0.68
9/25/2022 3:11,0.679
9/25/2022 3:12,0.677
9/25/2022 3:13,0.675
9/25/2022 3:14,0.673
9/25/2022 3:15,0.671
9/25/2022 3:16,0.669
9/25/2022 3:17,0.667
9/25/2022 3:18,0.665
9/25/2022 3:19,0.663
9/25/2022 3:20,0.66
9/25/2022 3:21,0.658
9/25/2022 3:22,0.655
9/25/2022 3:23,0.653
9/25/2022 3:24,0.65
9/25/2022 3:25,0.647
9/25/2022 3:26,0.644
9/25/2022 3:27,0.641
9/25/2022 3:28,0.638
9/25/2022 3:29,0.634
9/25/2022 3:30,0.631
9/25/2022 3:31,0.628
9/25/2022 3:32,0.624
9/25/2022 3:33,0.621
9/25/2022 3:34,0.618
9/25/2022 3:35,0.614
9/25/2022 3:36,0.611
9/25/2022 3:37,0.608
9/25/2022 3:38,0.604
9/25/2022 3:39,0.601
9/25/2022 3:40,0.598
9/25/2022 3:41,0.594
9/25/2022 3:42,0.591
9/25/2022 3:43,0.588
9/25/2022 3:44,0.584
9/25/2022 3:45,0.581
9/25/2022 3:46,0.577
9/25/2022 3:47,0.574
9/25/2022 3:48,0.571
9/25/2022 3:49,0.567
9/25/2022 3:50,0.564
9/25/2022 3:51,0.561
9/25/2022 3:52,0.557
9/25/2022 3:53,0.554
9/25/2022 3:54,0.551
9/25/2022 3:55,0.547
9/25/2022 3:56,0.544
9/25/2022 3:57,0.541
9/25/2022 3:58,0.537
9/25/2022 3:59,0.534
9/25/2022 4:00,0.531
9/25/2022 4:01,0.527
9/25/2022 4:02,0.524
9/25/2022 4:03,0.52
9/25/2022 4:04,0.516
9/25/2022 4:05,0.513
9/25/2022 4:06,0.509
9/25/2022 4:07,0.505
9/25/2022 4:08,0.501
9/25/2022 4:09,0.497
9/25/2022 4:10,0.493
9/25/2022 4:11,0.489
9/25/2022 4:12,0.485
9/25/2022 4:13,0.481
9/25/2022 4:14,0.476
9/25/2022 4:15,0.472
9/25/2022 4:16,0.468
9/25/2022 4:17,0.463
9/25/2022 4:18,0.458
9/25/2022 4:19,0.454
9/25/2022 4:20,0.449
9/25/2022 4:21,0.444
9/25/2022 4:22,0.439
9/25/2022 4:23,0.434
9/25/2022 4:24,0.429
9/25/2022 4:25,0.424
9/25/2022 4:26,0.419
9/25/2022 4:27,0.414
9/25/2022 4:28,0.408
9/25/2022 4:29,0.403
9/25/2022 4:30,0.398
9/25/2022 4:31,0.392
9/25/2022 4:32,0.387
9/25/2022 4:33,0.381
9/25/2022 4:34,0.376
9/25/2022 4:35,0.37
9/25/2022 4:36,0.365
9/25/2022 4:37,0.359
9/25/2022 4:38,0.354
9/25/2022 4:39,0.348
9/25/2022 4:40,0.343
9/25/2022 4:41,0.338
9/25/2022 4:42,0.332
9/25/2022 4:43,0.327
9/25/2022 4:44,0.321
9/25/2022 4:45,0.316
9/25/2022 4:46,0.31
9/25/2022 4:47,0.305
9/25/2022 4:48,0.299
9/25/2022 4:49,0.294
9/25/2022 4:50,0.289
9/25/2022 4:51,0.283
9/25/2022 4:52,0.278
9/25/2022 4:53,0.272
9/25/2022 4:54,0.267
9/25/2022 4:55,0.261
9/25/2022 4:56,0.256
9/25/2022 4:57,0.25
9/25/2022 4:58,0.245
9/25/2022 4:59,0.239
9/25/2022 5:00,0.234
9/25/2022 5:01,0.229
9/25/2022 5:02,0.223
9/25/2022 5:03,0.218
9/25/2022 5:04,0.212
9/25/2022 5:05,0.206
9/25/2022 5:06,0.201
9/25/2022 5:07,0.195
9/25/2022 5:08,0.189
9/25/2022 5:09,0.184
9/25/2022 5:10,0.178
9/25/2022 5:11,0.172
9/25/2022 5:12,0.167
9/25/2022 5:13,0.161
9/25/2022 5:14,0.155
9/25/2022 5:15,0.149
9/25/2022 5:16,0.143
9/25/2022 5:17,0.137
9/25/2022 5:18,0.131
9/25/2022 5:19,0.125
9/25/2022 5:20,0.119
9/25/2022 5:21,0.113
9/25/2022 5:22,0.107
9/25/2022 5:23,0.101
9/25/2022 5:24,0.095
9/25/2022 5:25,0.089
9/25/2022 5:26,0.083
9/25/2022 5:27,0.077
9/25/2022 5:28,0.07
9/25/2022 5:29,0.064
9/25/2022 5:30,0.058
9/25/2022 5:31,0.052
9/25/2022 5:32,0.046
9/25/2022 5:33,0.039
9/25/2022 5:34,0.033
9/25/2022 5:35,0.027
9/25/2022 5:36,0.021
9/25/2022 5:37,0.014
9/25/2022 5:38,0.008
9/25/2022 5:39,0.002
9/25/2022 5:40,-0.004
9/25/2022 5:41,-0.011
9/25/2022 5:42,-0.017
9/25/2022 5:43,-0.023
9/25/2022 5:44,-0.029
9/25/2022 5:45,-0.036
9/25/2022 5:46,-0.042
9/25/2022 5:47,-0.048
9/25/2022 5:48,-0.054
9/25/2022 5:49,-0.061
9/25/2022 5:50,-0.067
9/25/2022 5:51,-0.073
9/25/2022 5:52,-0.079
9/25/2022 5:53,-0.086
9/25/2022 5:54,-0.092
9/25/2022 5:55,-0.098
9/25/2022 5:56,-0.104
9/25/2022 5:57,-0.111
9/25/2022 5:58,-0.117
9/25/2022 5:59,-0.123
9/25/2022 6:00,-0.13
9/25/2022 6:01,-0.136
9/25/2022 6:02,-0.142
9/25/2022 6:03,-0.148
9/25/2022 6:04,-0.154
9/25/2022 6:05,-0.16
9/25/2022 6:06,-0.166
9/25/2022 6:07,-0.172
9/25/2022 6:08,-0.179
9/25/2022 6:09,-0.184
9/25/2022 6:10,-0.19
9/25/2022 6:11,-0.196
9/25/2022 6:12,-0.202
9/25/2022 6:13,-0.208
9/25/2022 6:14,-0.214
9/25/2022 6:15,-0.22
9/25/2022 6:16,-0.226
9/25/2022 6:17,-0.232
9/25/2022 6:18,-0.238
9/25/2022 6:19,-0.243
9/25/2022 6:20,-0.249
9/25/2022 6:21,-0.255
9/25/2022 6:22,-0.26
9/25/2022 6:23,-0.266
9/25/2022 6:24,-0.272
9/25/2022 6:25,-0.277
9/25/2022 6:26,-0.283
9/25/2022 6:27,-0.288
9/25/2022 6:28,-0.294
9/25/2022 6:29,-0.3
9/25/2022 6:30,-0.305
9/25/2022 6:31,-0.31
9/25/2022 6:32,-0.316
9/25/2022 6:33,-0.321
9/25/2022 6:34,-0.327
9/25/2022 6:35,-0.332
9/25/2022 6:36,-0.338
9/25/2022 6:37,-0.343
9/25/2022 6:38,-0.349
9/25/2022 6:39,-0.354
9/25/2022 6:40,-0.36
9/25/2022 6:41,-0.365
9/25/2022 6:42,-0.371
9/25/2022 6:43,-0.376
9/25/2022 6:44,-0.382
9/25/2022 6:45,-0.387
9/25/2022 6:46,-0.393
9/25/2022 6:47,-0.398
9/25/2022 6:48,-0.404
9/25/2022 6:49,-0.409
9/25/2022 6:50,-0.415
9/25/2022 6:51,-0.42
9/25/2022 6:52,-0.426
9/25/2022 6:53,-0.431
9/25/2022 6:54,-0.437
9/25/2022 6:55,-0.442
9/25/2022 6:56,-0.448
9/25/2022 6:57,-0.453
9/25/2022 6:58,-0.459
9/25/2022 6:59,-0.464
9/25/2022 7:00,-0.47
9/25/2022 7:01,-0.475
9/25/2022 7:02,-0.48
9/25/2022 7:03,-0.486
9/25/2022 7:04,-0.491
9/25/2022 7:05,-0.496
9/25/2022 7:06,-0.501
9/25/2022 7:07,-0.506
9/25/2022 7:08,-0.511
9/25/2022 7:09,-0.516
9/25/2022 7:10,-0.52
9/25/2022 7:11,-0.525
9/25/2022 7:12,-0.53
9/25/2022 7:13,-0.534
9/25/2022 7:14,-0.539
9/25/2022 7:15,-0.543
9/25/2022 7:16,-0.548
9/25/2022 7:17,-0.552
9/25/2022 7:18,-0.556
9/25/2022 7:19,-0.56
9/25/2022 7:20,-0.564
9/25/2022 7:21,-0.568
9/25/2022 7:22,-0.572
9/25/2022 7:23,-0.576
9/25/2022 7:24,-0.58
9/25/2022 7:25,-0.583
9/25/2022 7:26,-0.587
9/25/2022 7:27,-0.59
9/25/2022 7:28,-0.594
9/25/2022 7:29,-0.597
9/25/2022 7:30,-0.601
9/25/2022 7:31,-0.604
9/25/2022 7:32,-0.607
9/25/2022 7:33,-0.611
9/25/2022 7:34,-0.614
9/25/2022 7:35,-0.617
9/25/2022 7:36,-0.621
9/25/2022 7:37,-0.624
9/25/2022 7:38,-0.627
9/25/2022 7:39,-0.631
9/25/2022 7:40,-0.634
9/25/2022 7:41,-0.637
9/25/2022 7:42,-0.641
9/25/2022 7:43,-0.644
9/25/2022 7:44,-0.647
9/25/2022 7:45,-0.651
9/25/2022 7:46,-0.654
9/25/2022 7:47,-0.657
9/25/2022 7:48,-0.661
9/25/2022 7:49,-0.664
9/25/2022 7:50,-0.667
9/25/2022 7:51,-0.671
9/25/2022 7:52,-0.674
9/25/2022 7:53,-0.677
9/25/2022 7:54,-0.681
9/25/2022 7:55,-0.684
9/25/2022 7:56,-0.687
9/25/2022 7:57,-0.691
9/25/2022 7:58,-0.694
9/25/2022 7:59,-0.697
9/25/2022 8:00,-0.701
9/25/2022 8:01,-0.704
9/25/2022 8:02,-0.707
9/25/2022 8:03,-0.71
9/25/2022 8:04,-0.713
9/25/2022 8:05,-0.716
9/25/2022 8:06,-0.719
9/25/2022 8:07,-0.721
9/25/2022 8:08,-0.724
9/25/2022 8:09,-0.726
9/25/2022 8:10,-0.728
9/25/2022 8:11,-0.731
9/25/2022 8:12,-0.733
9/25/2022 8:13,-0.735
9/25/2022 8:14,-0.737
9/25/2022 8:15,-0.739
9/25/2022 8:16,-0.74
9/25/2022 8:17,-0.742
9/25/2022 8:18,-0.744
9/25/2022 8:19,-0.745
9/25/2022 8:20,-0.746
9/25/2022 8:21,-0.748
9/25/2022 8:22,-0.749
9/25/2022 8:23,-0.75
9/25/2022 8:24,-0.751
9/25/2022 8:25,-0.752
9/25/2022 8:26,-0.752
9/25/2022 8:27,-0.753
9/25/2022 8:28,-0.753
9/25/2022 8:29,-0.754
9/25/2022 8:30,-0.754
9/25/2022 8:31,-0.754
9/25/2022 8:32,-0.755
9/25/2022 8:33,-0.755
9/25/2022 8:34,-0.756
9/25/2022 8:35,-0.756
9/25/2022 8:36,-0.756
9/25/2022 8:37,-0.757
9/25/2022 8:38,-0.757
9/25/2022 8:39,-0.757
9/25/2022 8:40,-0.758
9/25/2022 8:41,-0.758
9/25/2022 8:42,-0.758
9/25/2022 8:43,-0.758
9/25/2022 8:44,-0.759
9/25/2022 8:45,-0.759
9/25/2022 8:46,-0.76
9/25/2022 8:47,-0.76
9/25/2022 8:48,-0.76
9/25/2022 8:49,-0.761
9/25/2022 8:50,-0.761
9/25/2022 8:51,-0.761
9/25/2022 8:52,-0.762
9/25/2022 8:53,-0.762
9/25/2022 8:54,-0.762
9/25/2022 8:55,-0.762
9/25/2022 8:56,-0.763
9/25/2022 8:57,-0.763
9/25/2022 8:58,-0.764
9/25/2022 8:59,-0.764
9/25/2022 9:00,-0.764
9/25/2022 9:01,-0.764
9/25/2022 9:02,-0.765
9/25/2022 9:03,-0.765
9/25/2022 9:04,-0.764
9/25/2022 9:05,-0.764
9/25/2022 9:06,-0.764
9/25/2022 9:07,-0.764
9/25/2022 9:08,-0.763
9/25/2022 9:09,-0.763
9/25/2022 9:10,-0.762
9/25/2022 9:11,-0.761
9/25/2022 9:12,-0.76
9/25/2022 9:13,-0.759
9/25/2022 9:14,-0.758
9/25/2022 9:15,-0.757
9/25/2022 9:16,-0.756
9/25/2022 9:17,-0.754
9/25/2022 9:18,-0.753
9/25/2022 9:19,-0.751
9/25/2022 9:20,-0.749
9/25/2022 9:21,-0.748
9/25/2022 9:22,-0.746
9/25/2022 9:23,-0.744
9/25/2022 9:24,-0.741
9/25/2022 9:25,-0.739
9/25/2022 9:26,-0.737
9/25/2022 9:27,-0.735
9/25/2022 9:28,-0.732
9/25/2022 9:29,-0.729
9/25/2022 9:30,-0.727
9/25/2022 9:31,-0.724
9/25/2022 9:32,-0.721
9/25/2022 9:33,-0.718
9/25/2022 9:34,-0.716
9/25/2022 9:35,-0.713
9/25/2022 9:36,-0.71
9/25/2022 9:37,-0.707
9/25/2022 9:38,-0.705
9/25/2022 9:39,-0.702
9/25/2022 9:40,-0.699
9/25/2022 9:41,-0.697
9/25/2022 9:42,-0.694
9/25/2022 9:43,-0.691
9/25/2022 9:44,-0.688
9/25/2022 9:45,-0.686
9/25/2022 9:46,-0.683
9/25/2022 9:47,-0.68
9/25/2022 9:48,-0.677
9/25/2022 9:49,-0.675
9/25/2022 9:50,-0.672
9/25/2022 9:51,-0.669
9/25/2022 9:52,-0.666
9/25/2022 9:53,-0.664
9/25/2022 9:54,-0.661
9/25/2022 9:55,-0.658
9/25/2022 9:56,-0.656
9/25/2022 9:57,-0.653
9/25/2022 9:58,-0.65
9/25/2022 9:59,-0.647
9/25/2022 10:00,-0.645
9/25/2022 10:01,-0.642
9/25/2022 10:02,-0.639
9/25/2022 10:03,-0.636
9/25/2022 10:04,-0.633
9/25/2022 10:05,-0.63
9/25/2022 10:06,-0.627
9/25/2022 10:07,-0.623
9/25/2022 10:08,-0.62
9/25/2022 10:09,-0.616
9/25/2022 10:10,-0.613
9/25/2022 10:11,-0.609
9/25/2022 10:12,-0.606
9/25/2022 10:13,-0.602
9/25/2022 10:14,-0.598
9/25/2022 10:15,-0.594
9/25/2022 10:16,-0.59
9/25/2022 10:17,-0.586
9/25/2022 10:18,-0.582
9/25/2022 10:19,-0.578
9/25/2022 10:20,-0.573
9/25/2022 10:21,-0.569
9/25/2022 10:22,-0.565
9/25/2022 10:23,-0.56
9/25/2022 10:24,-0.555
9/25/2022 10:25,-0.551
9/25/2022 10:26,-0.546
9/25/2022 10:27,-0.541
9/25/2022 10:28,-0.536
9/25/2022 10:29,-0.531
9/25/2022 10:30,-0.526
9/25/2022 10:31,-0.521
9/25/2022 10:32,-0.516
9/25/2022 10:33,-0.511
9/25/2022 10:34,-0.506
9/25/2022 10:35,-0.5
9/25/2022 10:36,-0.495
9/25/2022 10:37,-0.49
9/25/2022 10:38,-0.485
9/25/2022 10:39,-0.48
9/25/2022 10:40,-0.475
9/25/2022 10:41,-0.47
9/25/2022 10:42,-0.465
9/25/2022 10:43,-0.46
9/25/2022 10:44,-0.455
9/25/2022 10:45,-0.449
9/25/2022 10:46,-0.444
9/25/2022 10:47,-0.439
9/25/2022 10:48,-0.434
9/25/2022 10:49,-0.429
9/25/2022 10:50,-0.424
9/25/2022 10:51,-0.419
9/25/2022 10:52,-0.414
9/25/2022 10:53,-0.409
9/25/2022 10:54,-0.404
9/25/2022 10:55,-0.398
9/25/2022 10:56,-0.393
9/25/2022 10:57,-0.388
9/25/2022 10:58,-0.383
9/25/2022 10:59,-0.378
9/25/2022 11:00,-0.373
9/25/2022 11:01,-0.368
9/25/2022 11:02,-0.363
9/25/2022 11:03,-0.357
9/25/2022 11:04,-0.352
9/25/2022 11:05,-0.347
9/25/2022 11:06,-0.342
9/25/2022 11:07,-0.336
9/25/2022 11:08,-0.331
9/25/2022 11:09,-0.325
9/25/2022 11:10,-0.32
9/25/2022 11:11,-0.314
9/25/2022 11:12,-0.309
9/25/2022 11:13,-0.303
9/25/2022 11:14,-0.298
9/25/2022 11:15,-0.292
9/25/2022 11:16,-0.286
9/25/2022 11:17,-0.281
9/25/2022 11:18,-0.275
9/25/2022 11:19,-0.269
9/25/2022 11:20,-0.263
9/25/2022 11:21,-0.258
9/25/2022 11:22,-0.252
9/25/2022 11:23,-0.246
9/25/2022 11:24,-0.24
9/25/2022 11:25,-0.234
9/25/2022 11:26,-0.228
9/25/2022 11:27,-0.222
9/25/2022 11:28,-0.216
9/25/2022 11:29,-0.21
9/25/2022 11:30,-0.203
9/25/2022 11:31,-0.197
9/25/2022 11:32,-0.191
9/25/2022 11:33,-0.185
9/25/2022 11:34,-0.179
9/25/2022 11:35,-0.173
9/25/2022 11:36,-0.166
9/25/2022 11:37,-0.16
9/25/2022 11:38,-0.154
9/25/2022 11:39,-0.148
9/25/2022 11:40,-0.142
9/25/2022 11:41,-0.136
9/25/2022 11:42,-0.129
9/25/2022 11:43,-0.123
9/25/2022 11:44,-0.117
9/25/2022 11:45,-0.111
9/25/2022 11:46,-0.105
9/25/2022 11:47,-0.099
9/25/2022 11:48,-0.092
9/25/2022 11:49,-0.086
9/25/2022 11:50,-0.08
9/25/2022 11:51,-0.074
9/25/2022 11:52,-0.068
9/25/2022 11:53,-0.062
9/25/2022 11:54,-0.055
9/25/2022 11:55,-0.049
9/25/2022 11:56,-0.043
9/25/2022 11:57,-0.037
9/25/2022 11:58,-0.031
9/25/2022 11:59,-0.025
9/25/2022 12:00,-0.018
9/25/2022 12:01,-0.012
9/25/2022 12:02,-0.006
9/25/2022 12:03,0
9/25/2022 12:04,0.006
9/25/2022 12:05,0.012
9/25/2022 12:06,0.018
9/25/2022 12:07,0.024
9/25/2022 12:08,0.03
9/25/2022 12:09,0.036
9/25/2022 12:10,0.042
9/25/2022 12:11,0.048
9/25/2022 12:12,0.054
9/25/2022 12:13,0.06
9/25/2022 12:14,0.066
9/25/2022 12:15,0.072
9/25/2022 12:16,0.078
9/25/2022 12:17,0.084
9/25/2022 12:18,0.09
9/25/2022 12:19,0.096
9/25/2022 12:20,0.102
9/25/2022 12:21,0.107
9/25/2022 12:22,0.113
9/25/2022 12:23,0.119
9/25/2022 12:24,0.125
9/25/2022 12:25,0.13
9/25/2022 12:26,0.136
9/25/2022 12:27,0.142
9/25/2022 12:28,0.148
9/25/2022 12:29,0.153
9/25/2022 12:30,0.159
9/25/2022 12:31,0.165
9/25/2022 12:32,0.17
9/25/2022 12:33,0.176
9/25/2022 12:34,0.182
9/25/2022 12:35,0.188
9/25/2022 12:36,0.193
9/25/2022 12:37,0.199
9/25/2022 12:38,0.205
9/25/2022 12:39,0.21
9/25/2022 12:40,0.216
9/25/2022 12:41,0.222
9/25/2022 12:42,0.227
9/25/2022 12:43,0.233
9/25/2022 12:44,0.239
9/25/2022 12:45,0.244
9/25/2022 12:46,0.25
9/25/2022 12:47,0.256
9/25/2022 12:48,0.261
9/25/2022 12:49,0.267
9/25/2022 12:50,0.273
9/25/2022 12:51,0.278
9/25/2022 12:52,0.284
9/25/2022 12:53,0.29
9/25/2022 12:54,0.296
9/25/2022 12:55,0.301
9/25/2022 12:56,0.307
9/25/2022 12:57,0.313
9/25/2022 12:58,0.318
9/25/2022 12:59,0.324
9/25/2022 13:00,0.33
9/25/2022 13:01,0.335
9/25/2022 13:02,0.341
9/25/2022 13:03,0.346
9/25/2022 13:04,0.352
9/25/2022 13:05,0.357
9/25/2022 13:06,0.362
9/25/2022 13:07,0.368
9/25/2022 13:08,0.373
9/25/2022 13:09,0.378
9/25/2022 13:10,0.383
9/25/2022 13:11,0.388
9/25/2022 13:12,0.393
9/25/2022 13:13,0.398
9/25/2022 13:14,0.402
9/25/2022 13:15,0.407
9/25/2022 13:16,0.412
9/25/2022 13:17,0.416
9/25/2022 13:18,0.421
9/25/2022 13:19,0.425
9/25/2022 13:20,0.43
9/25/2022 13:21,0.434
9/25/2022 13:22,0.438
9/25/2022 13:23,0.443
9/25/2022 13:24,0.447
9/25/2022 13:25,0.451
9/25/2022 13:26,0.455
9/25/2022 13:27,0.459
9/25/2022 13:28,0.463
9/25/2022 13:29,0.467
9/25/2022 13:30,0.47
9/25/2022 13:31,0.474
9/25/2022 13:32,0.478
9/25/2022 13:33,0.482
9/25/2022 13:34,0.485
9/25/2022 13:35,0.489
9/25/2022 13:36,0.493
9/25/2022 13:37,0.497
9/25/2022 13:38,0.501
9/25/2022 13:39,0.504
9/25/2022 13:40,0.508
9/25/2022 13:41,0.512
9/25/2022 13:42,0.516
9/25/2022 13:43,0.519
9/25/2022 13:44,0.523
9/25/2022 13:45,0.527
9/25/2022 13:46,0.531
9/25/2022 13:47,0.534
9/25/2022 13:48,0.538
9/25/2022 13:49,0.542
9/25/2022 13:50,0.546
9/25/2022 13:51,0.55
9/25/2022 13:52,0.553
9/25/2022 13:53,0.557
9/25/2022 13:54,0.561
9/25/2022 13:55,0.565
9/25/2022 13:56,0.568
9/25/2022 13:57,0.572
9/25/2022 13:58,0.576
9/25/2022 13:59,0.58
9/25/2022 14:00,0.583
9/25/2022 14:01,0.587
9/25/2022 14:02,0.591
9/25/2022 14:03,0.594
9/25/2022 14:04,0.598
9/25/2022 14:05,0.601
9/25/2022 14:06,0.604
9/25/2022 14:07,0.607
9/25/2022 14:08,0.61
9/25/2022 14:09,0.613
9/25/2022 14:10,0.616
9/25/2022 14:11,0.618
9/25/2022 14:12,0.621
9/25/2022 14:13,0.624
9/25/2022 14:14,0.626
9/25/2022 14:15,0.628
9/25/2022 14:16,0.631
9/25/2022 14:17,0.633
9/25/2022 14:18,0.635
9/25/2022 14:19,0.637
9/25/2022 14:20,0.639
9/25/2022 14:21,0.64
9/25/2022 14:22,0.642
9/25/2022 14:23,0.644
9/25/2022 14:24,0.645
9/25/2022 14:25,0.646
9/25/2022 14:26,0.648
9/25/2022 14:27,0.649
9/25/2022 14:28,0.65
9/25/2022 14:29,0.651
9/25/2022 14:30,0.652
9/25/2022 14:31,0.653
9/25/2022 14:32,0.654
9/25/2022 14:33,0.655
9/25/2022 14:34,0.656
9/25/2022 14:35,0.656
9/25/2022 14:36,0.657
9/25/2022 14:37,0.658
9/25/2022 14:38,0.659
9/25/2022 14:39,0.66
9/25/2022 14:40,0.661
9/25/2022 14:41,0.662
9/25/2022 14:42,0.663
9/25/2022 14:43,0.664
9/25/2022 14:44,0.665
9/25/2022 14:45,0.665
9/25/2022 14:46,0.666
9/25/2022 14:47,0.667
9/25/2022 14:48,0.668
9/25/2022 14:49,0.669
9/25/2022 14:50,0.67
9/25/2022 14:51,0.671
9/25/2022 14:52,0.672
9/25/2022 14:53,0.673
9/25/2022 14:54,0.674
9/25/2022 14:55,0.674
9/25/2022 14:56,0.675
9/25/2022 14:57,0.676
9/25/2022 14:58,0.677
9/25/2022 14:59,0.678
9/25/2022 15:00,0.679
9/25/2022 15:01,0.68
9/25/2022 15:02,0.68
9/25/2022 15:03,0.681
9/25/2022 15:04,0.682
9/25/2022 15:05,0.682
9/25/2022 15:06,0.682
9/25/2022 15:07,0.682
9/25/2022 15:08,0.682
9/25/2022 15:09,0.682
9/25/2022 15:10,0.682
9/25/2022 15:11,0.682
9/25/2022 15:12,0.682
9/25/2022 15:13,0.681
9/25/2022 15:14,0.681
9/25/2022 15:15,0.68
9/25/2022 15:16,0.679
9/25/2022 15:17,0.679
9/25/2022 15:18,0.678
9/25/2022 15:19,0.677
9/25/2022 15:20,0.675
9/25/2022 15:21,0.674
9/25/2022 15:22,0.673
9/25/2022 15:23,0.671
9/25/2022 15:24,0.67
9/25/2022 15:25,0.668
9/25/2022 15:26,0.666
9/25/2022 15:27,0.664
9/25/2022 15:28,0.662
9/25/2022 15:29,0.66
9/25/2022 15:30,0.658
9/25/2022 15:31,0.656
9/25/2022 15:32,0.654
9/25/2022 15:33,0.652
9/25/2022 15:34,0.649
9/25/2022 15:35,0.647
9/25/2022 15:36,0.645
9/25/2022 15:37,0.643
9/25/2022 15:38,0.641
9/25/2022 15:39,0.638
9/25/2022 15:40,0.636
9/25/2022 15:41,0.634
9/25/2022 15:42,0.632
9/25/2022 15:43,0.63
9/25/2022 15:44,0.628
9/25/2022 15:45,0.625
9/25/2022 15:46,0.623
9/25/2022 15:47,0.621
9/25/2022 15:48,0.619
9/25/2022 15:49,0.617
9/25/2022 15:50,0.614
9/25/2022 15:51,0.612
9/25/2022 15:52,0.61
9/25/2022 15:53,0.608
9/25/2022 15:54,0.606
9/25/2022 15:55,0.604
9/25/2022 15:56,0.601
9/25/2022 15:57,0.599
9/25/2022 15:58,0.597
9/25/2022 15:59,0.595
9/25/2022 16:00,0.593
9/25/2022 16:01,0.59
9/25/2022 16:02,0.588
9/25/2022 16:03,0.586
9/25/2022 16:04,0.583
9/25/2022 16:05,0.58
9/25/2022 16:06,0.578
9/25/2022 16:07,0.575
9/25/2022 16:08,0.572
9/25/2022 16:09,0.569
9/25/2022 16:10,0.566
9/25/2022 16:11,0.563
9/25/2022 16:12,0.56
9/25/2022 16:13,0.557
9/25/2022 16:14,0.553
9/25/2022 16:15,0.55
9/25/2022 16:16,0.546
9/25/2022 16:17,0.543
9/25/2022 16:18,0.539
9/25/2022 16:19,0.535
9/25/2022 16:20,0.531
9/25/2022 16:21,0.527
9/25/2022 16:22,0.523
9/25/2022 16:23,0.519
9/25/2022 16:24,0.515
9/25/2022 16:25,0.511
9/25/2022 16:26,0.507
9/25/2022 16:27,0.502
9/25/2022 16:28,0.498
9/25/2022 16:29,0.493
9/25/2022 16:30,0.488
9/25/2022 16:31,0.484
9/25/2022 16:32,0.479
9/25/2022 16:33,0.474
9/25/2022 16:34,0.469
9/25/2022 16:35,0.465
9/25/2022 16:36,0.46
9/25/2022 16:37,0.455
9/25/2022 16:38,0.451
9/25/2022 16:39,0.446
9/25/2022 16:40,0.441
9/25/2022 16:41,0.436
9/25/2022 16:42,0.432
9/25/2022 16:43,0.427
9/25/2022 16:44,0.422
9/25/2022 16:45,0.418
9/25/2022 16:46,0.413
9/25/2022 16:47,0.408
9/25/2022 16:48,0.404
9/25/2022 16:49,0.399
9/25/2022 16:50,0.394
9/25/2022 16:51,0.39
9/25/2022 16:52,0.385
9/25/2022 16:53,0.38
9/25/2022 16:54,0.375
9/25/2022 16:55,0.371
9/25/2022 16:56,0.366
9/25/2022 16:57,0.361
9/25/2022 16:58,0.357
9/25/2022 16:59,0.352
9/25/2022 17:00,0.347
9/25/2022 17:01,0.342
9/25/2022 17:02,0.338
9/25/2022 17:03,0.333
9/25/2022 17:04,0.328
9/25/2022 17:05,0.323
9/25/2022 17:06,0.318
9/25/2022 17:07,0.313
9/25/2022 17:08,0.308
9/25/2022 17:09,0.303
9/25/2022 17:10,0.298
9/25/2022 17:11,0.293
9/25/2022 17:12,0.287
9/25/2022 17:13,0.282
9/25/2022 17:14,0.277
9/25/2022 17:15,0.271
9/25/2022 17:16,0.266
9/25/2022 17:17,0.261
9/25/2022 17:18,0.255
9/25/2022 17:19,0.25
9/25/2022 17:20,0.244
9/25/2022 17:21,0.238
9/25/2022 17:22,0.233
9/25/2022 17:23,0.227
9/25/2022 17:24,0.221
9/25/2022 17:25,0.216
9/25/2022 17:26,0.21
9/25/2022 17:27,0.204
9/25/2022 17:28,0.198
9/25/2022 17:29,0.192
9/25/2022 17:30,0.186
9/25/2022 17:31,0.18
9/25/2022 17:32,0.174
9/25/2022 17:33,0.168
9/25/2022 17:34,0.162
9/25/2022 17:35,0.156
9/25/2022 17:36,0.15
9/25/2022 17:37,0.144
9/25/2022 17:38,0.138
9/25/2022 17:39,0.132
9/25/2022 17:40,0.126
9/25/2022 17:41,0.12
9/25/2022 17:42,0.114
9/25/2022 17:43,0.108
9/25/2022 17:44,0.103
9/25/2022 17:45,0.097
9/25/2022 17:46,0.091
9/25/2022 17:47,0.085
9/25/2022 17:48,0.079
9/25/2022 17:49,0.073
9/25/2022 17:50,0.067
9/25/2022 17:51,0.061
9/25/2022 17:52,0.055
9/25/2022 17:53,0.049
9/25/2022 17:54,0.043
9/25/2022 17:55,0.037
9/25/2022 17:56,0.031
9/25/2022 17:57,0.025
9/25/2022 17:58,0.019
9/25/2022 17:59,0.013
9/25/2022 18:00,0.007
9/25/2022 18:01,0.001
9/25/2022 18:02,-0.005
9/25/2022 18:03,-0.011
9/25/2022 18:04,-0.017
9/25/2022 18:05,-0.023
9/25/2022 18:06,-0.029
9/25/2022 18:07,-0.035
9/25/2022 18:08,-0.041
9/25/2022 18:09,-0.046
9/25/2022 18:10,-0.052
9/25/2022 18:11,-0.058
9/25/2022 18:12,-0.064
9/25/2022 18:13,-0.07
9/25/2022 18:14,-0.076
9/25/2022 18:15,-0.082
9/25/2022 18:16,-0.087
9/25/2022 18:17,-0.093
9/25/2022 18:18,-0.099
9/25/2022 18:19,-0.105
9/25/2022 18:20,-0.11
9/25/2022 18:21,-0.116
9/25/2022 18:22,-0.122
9/25/2022 18:23,-0.128
9/25/2022 18:24,-0.133
9/25/2022 18:25,-0.139
9/25/2022 18:26,-0.145
9/25/2022 18:27,-0.15
9/25/2022 18:28,-0.156
9/25/2022 18:29,-0.162
9/25/2022 18:30,-0.167
9/25/2022 18:31,-0.173
9/25/2022 18:32,-0.179
9/25/2022 18:33,-0.184
9/25/2022 18:34,-0.19
9/25/2022 18:35,-0.195
9/25/2022 18:36,-0.201
9/25/2022 18:37,-0.207
9/25/2022 18:38,-0.212
9/25/2022 18:39,-0.218
9/25/2022 18:40,-0.224
9/25/2022 18:41,-0.229
9/25/2022 18:42,-0.235
9/25/2022 18:43,-0.241
9/25/2022 18:44,-0.246
9/25/2022 18:45,-0.252
9/25/2022 18:46,-0.257
9/25/2022 18:47,-0.263
9/25/2022 18:48,-0.269
9/25/2022 18:49,-0.274
9/25/2022 18:50,-0.28
9/25/2022 18:51,-0.286
9/25/2022 18:52,-0.291
9/25/2022 18:53,-0.297
9/25/2022 18:54,-0.303
9/25/2022 18:55,-0.308
9/25/2022 18:56,-0.314
9/25/2022 18:57,-0.319
9/25/2022 18:58,-0.325
9/25/2022 18:59,-0.331
9/25/2022 19:00,-0.336
9/25/2022 19:01,-0.342
9/25/2022 19:02,-0.347
9/25/2022 19:03,-0.353
9/25/2022 19:04,-0.358
9/25/2022 19:05,-0.364
9/25/2022 19:06,-0.369
9/25/2022 19:07,-0.374
9/25/2022 19:08,-0.379
9/25/2022 19:09,-0.384
9/25/2022 19:10,-0.389
9/25/2022 19:11,-0.394
9/25/2022 19:12,-0.399
9/25/2022 19:13,-0.404
9/25/2022 19:14,-0.409
9/25/2022 19:15,-0.413
9/25/2022 19:16,-0.418
9/25/2022 19:17,-0.423
9/25/2022 19:18,-0.427
9/25/2022 19:19,-0.432
9/25/2022 19:20,-0.436
9/25/2022 19:21,-0.44
9/25/2022 19:22,-0.444
9/25/2022 19:23,-0.449
9/25/2022 19:24,-0.453
9/25/2022 19:25,-0.457
9/25/2022 19:26,-0.461
9/25/2022 19:27,-0.465
9/25/2022 19:28,-0.469
9/25/2022 19:29,-0.473
9/25/2022 19:30,-0.476
9/25/2022 19:31,-0.48
9/25/2022 19:32,-0.484
9/25/2022 19:33,-0.488
9/25/2022 19:34,-0.491
9/25/2022 19:35,-0.495
9/25/2022 19:36,-0.499
9/25/2022 19:37,-0.503
9/25/2022 19:38,-0.507
9/25/2022 19:39,-0.51
9/25/2022 19:40,-0.514
9/25/2022 19:41,-0.518
9/25/2022 19:42,-0.522
9/25/2022 19:43,-0.525
9/25/2022 19:44,-0.529
9/25/2022 19:45,-0.533
9/25/2022 19:46,-0.537
9/25/2022 19:47,-0.54
9/25/2022 19:48,-0.544
9/25/2022 19:49,-0.548
9/25/2022 19:50,-0.552
9/25/2022 19:51,-0.556
9/25/2022 19:52,-0.559
9/25/2022 19:53,-0.563
9/25/2022 19:54,-0.567
9/25/2022 19:55,-0.571
9/25/2022 19:56,-0.574
9/25/2022 19:57,-0.578
9/25/2022 19:58,-0.582
9/25/2022 19:59,-0.586
9/25/2022 20:00,-0.589
9/25/2022 20:01,-0.593
9/25/2022 20:02,-0.597
9/25/2022 20:03,-0.6
9/25/2022 20:04,-0.604
9/25/2022 20:05,-0.607
9/25/2022 20:06,-0.61
9/25/2022 20:07,-0.613
9/25/2022 20:08,-0.616
9/25/2022 20:09,-0.619
9/25/2022 20:10,-0.622
9/25/2022 20:11,-0.624
9/25/2022 20:12,-0.627
9/25/2022 20:13,-0.63
9/25/2022 20:14,-0.632
9/25/2022 20:15,-0.634
9/25/2022 20:16,-0.636
9/25/2022 20:17,-0.639
9/25/2022 20:18,-0.641
9/25/2022 20:19,-0.643
9/25/2022 20:20,-0.644
9/25/2022 20:21,-0.646
9/25/2022 20:22,-0.648
9/25/2022 20:23,-0.649
9/25/2022 20:24,-0.651
9/25/2022 20:25,-0.652
9/25/2022 20:26,-0.653
9/25/2022 20:27,-0.655
9/25/2022 20:28,-0.656
9/25/2022 20:29,-0.657
9/25/2022 20:30,-0.657
9/25/2022 20:31,-0.658
9/25/2022 20:32,-0.659
9/25/2022 20:33,-0.66
9/25/2022 20:34,-0.661
9/25/2022 20:35,-0.662
9/25/2022 20:36,-0.663
9/25/2022 20:37,-0.664
9/25/2022 20:38,-0.664
9/25/2022 20:39,-0.665
9/25/2022 20:40,-0.666
9/25/2022 20:41,-0.667
9/25/2022 20:42,-0.668
9/25/2022 20:43,-0.669
9/25/2022 20:44,-0.67
9/25/2022 20:45,-0.67
9/25/2022 20:46,-0.671
9/25/2022 20:47,-0.672
9/25/2022 20:48,-0.673
9/25/2022 20:49,-0.674
9/25/2022 20:50,-0.675
9/25/2022 20:51,-0.676
9/25/2022 20:52,-0.677
9/25/2022 20:53,-0.677
9/25/2022 20:54,-0.678
9/25/2022 20:55,-0.679
9/25/2022 20:56,-0.68
9/25/2022 20:57,-0.681
9/25/2022 20:58,-0.682
9/25/2022 20:59,-0.683
9/25/2022 21:00,-0.683
9/25/2022 21:01,-0.684
9/25/2022 21:02,-0.685
9/25/2022 21:03,-0.685
9/25/2022 21:04,-0.686
9/25/2022 21:05,-0.686
9/25/2022 21:06,-0.686
9/25/2022 21:07,-0.687
9/25/2022 21:08,-0.687
9/25/2022 21:09,-0.686
9/25/2022 21:10,-0.686
9/25/2022 21:11,-0.686
9/25/2022 21:12,-0.686
9/25/2022 21:13,-0.685
9/25/2022 21:14,-0.685
9/25/2022 21:15,-0.684
9/25/2022 21:16,-0.683
9/25/2022 21:17,-0.682
9/25/2022 21:18,-0.681
9/25/2022 21:19,-0.68
9/25/2022 21:20,-0.679
9/25/2022 21:21,-0.677
9/25/2022 21:22,-0.676
9/25/2022 21:23,-0.674
9/25/2022 21:24,-0.673
9/25/2022 21:25,-0.671
9/25/2022 21:26,-0.669
9/25/2022 21:27,-0.667
9/25/2022 21:28,-0.665
9/25/2022 21:29,-0.663
9/25/2022 21:30,-0.661
9/25/2022 21:31,-0.658
9/25/2022 21:32,-0.656
9/25/2022 21:33,-0.654
9/25/2022 21:34,-0.651
9/25/2022 21:35,-0.649
9/25/2022 21:36,-0.647
9/25/2022 21:37,-0.645
9/25/2022 21:38,-0.642
9/25/2022 21:39,-0.64
9/25/2022 21:40,-0.638
9/25/2022 21:41,-0.636
9/25/2022 21:42,-0.633
9/25/2022 21:43,-0.631
9/25/2022 21:44,-0.629
9/25/2022 21:45,-0.626
9/25/2022 21:46,-0.624
9/25/2022 21:47,-0.622
9/25/2022 21:48,-0.62
9/25/2022 21:49,-0.617
9/25/2022 21:50,-0.615
9/25/2022 21:51,-0.613
9/25/2022 21:52,-0.61
9/25/2022 21:53,-0.608
9/25/2022 21:54,-0.606
9/25/2022 21:55,-0.604
9/25/2022 21:56,-0.601
9/25/2022 21:57,-0.599
9/25/2022 21:58,-0.597
9/25/2022 21:59,-0.594
9/25/2022 22:00,-0.592
9/25/2022 22:01,-0.59
9/25/2022 22:02,-0.587
9/25/2022 22:03,-0.585
9/25/2022 22:04,-0.582
9/25/2022 22:05,-0.579
9/25/2022 22:06,-0.577
9/25/2022 22:07,-0.574
9/25/2022 22:08,-0.571
9/25/2022 22:09,-0.568
9/25/2022 22:10,-0.565
9/25/2022 22:11,-0.561
9/25/2022 22:12,-0.558
9/25/2022 22:13,-0.555
9/25/2022 22:14,-0.551
9/25/2022 22:15,-0.548
9/25/2022 22:16,-0.544
9/25/2022 22:17,-0.54
9/25/2022 22:18,-0.536
9/25/2022 22:19,-0.532
9/25/2022 22:20,-0.528
9/25/2022 22:21,-0.524
9/25/2022 22:22,-0.52
9/25/2022 22:23,-0.516
9/25/2022 22:24,-0.512
9/25/2022 22:25,-0.507
9/25/2022 22:26,-0.503
9/25/2022 22:27,-0.498
9/25/2022 22:28,-0.493
9/25/2022 22:29,-0.489
9/25/2022 22:30,-0.484
9/25/2022 22:31,-0.479
9/25/2022 22:32,-0.474
9/25/2022 22:33,-0.469
9/25/2022 22:34,-0.464
9/25/2022 22:35,-0.46
9/25/2022 22:36,-0.455
9/25/2022 22:37,-0.45
9/25/2022 22:38,-0.445
9/25/2022 22:39,-0.44
9/25/2022 22:40,-0.435
9/25/2022 22:41,-0.43
9/25/2022 22:42,-0.426
9/25/2022 22:43,-0.421
9/25/2022 22:44,-0.416
9/25/2022 22:45,-0.411
9/25/2022 22:46,-0.406
9/25/2022 22:47,-0.401
9/25/2022 22:48,-0.397
9/25/2022 22:49,-0.392
9/25/2022 22:50,-0.387
9/25/2022 22:51,-0.382
9/25/2022 22:52,-0.377
9/25/2022 22:53,-0.372
9/25/2022 22:54,-0.367
9/25/2022 22:55,-0.363
9/25/2022 22:56,-0.358
9/25/2022 22:57,-0.353
9/25/2022 22:58,-0.348
9/25/2022 22:59,-0.343
9/25/2022 23:00,-0.338
9/25/2022 23:01,-0.333
9/25/2022 23:02,-0.328
9/25/2022 23:03,-0.324
9/25/2022 23:04,-0.318
9/25/2022 23:05,-0.313
9/25/2022 23:06,-0.308
9/25/2022 23:07,-0.303
9/25/2022 23:08,-0.298
9/25/2022 23:09,-0.293
9/25/2022 23:10,-0.287
9/25/2022 23:11,-0.282
9/25/2022 23:12,-0.277
9/25/2022 23:13,-0.271
9/25/2022 23:14,-0.266
9/25/2022 23:15,-0.26
9/25/2022 23:16,-0.255
9/25/2022 23:17,-0.249
9/25/2022 23:18,-0.244
9/25/2022 23:19,-0.238
9/25/2022 23:20,-0.232
9/25/2022 23:21,-0.226
9/25/2022 23:22,-0.221
9/25/2022 23:23,-0.215
9/25/2022 23:24,-0.209
9/25/2022 23:25,-0.203
9/25/2022 23:26,-0.197
9/25/2022 23:27,-0.191
9/25/2022 23:28,-0.185
9/25/2022 23:29,-0.179
9/25/2022 23:30,-0.173
9/25/2022 23:31,-0.167
9/25/2022 23:32,-0.16
9/25/2022 23:33,-0.154
9/25/2022 23:34,-0.148
9/25/2022 23:35,-0.142
9/25/2022 23:36,-0.136
9/25/2022 23:37,-0.13
9/25/2022 23:38,-0.123
9/25/2022 23:39,-0.117
9/25/2022 23:40,-0.111
9/25/2022 23:41,-0.105
9/25/2022 23:42,-0.099
9/25/2022 23:43,-0.093
9/25/2022 23:44,-0.087
9/25/2022 23:45,-0.08
9/25/2022 23:46,-0.074
9/25/2022 23:47,-0.068
9/25/2022 23:48,-0.062
9/25/2022 23:49,-0.056
9/25/2022 23:50,-0.05
9/25/2022 23:51,-0.044
9/25/2022 23:52,-0.037
9/25/2022 23:53,-0.031
9/25/2022 23:54,-0.025
9/25/2022 23:55,-0.019
9/25/2022 23:56,-0.013
9/25/2022 23:57,-0.007
9/25/2022 23:58,0
9/25/2022 23:59,0.006
9/26/2022 0:00,0.012
9/26/2022 0:01,0.018
9/26/2022 0:02,0.024
9/26/2022 0:03,0.03
9/26/2022 0:04,0.036
9/26/2022 0:05,0.042
9/26/2022 0:06,0.049
9/26/2022 0:07,0.055
9/26/2022 0:08,0.061
9/26/2022 0:09,0.067
9/26/2022 0:10,0.073
9/26/2022 0:11,0.079
9/26/2022 0:12,0.085
9/26/2022 0:13,0.091
9/26/2022 0:14,0.097
9/26/2022 0:15,0.103
9/26/2022 0:16,0.109
9/26/2022 0:17,0.115
9/26/2022 0:18,0.121
9/26/2022 0:19,0.127
9/26/2022 0:20,0.133
9/26/2022 0:21,0.139
9/26/2022 0:22,0.145
9/26/2022 0:23,0.151
9/26/2022 0:24,0.157
9/26/2022 0:25,0.163
9/26/2022 0:26,0.168
9/26/2022 0:27,0.174
9/26/2022 0:28,0.18
9/26/2022 0:29,0.186
9/26/2022 0:30,0.192
9/26/2022 0:31,0.198
9/26/2022 0:32,0.204
9/26/2022 0:33,0.21
9/26/2022 0:34,0.215
9/26/2022 0:35,0.221
9/26/2022 0:36,0.227
9/26/2022 0:37,0.233
9/26/2022 0:38,0.239
9/26/2022 0:39,0.245
9/26/2022 0:40,0.251
9/26/2022 0:41,0.256
9/26/2022 0:42,0.262
9/26/2022 0:43,0.268
9/26/2022 0:44,0.274
9/26/2022 0:45,0.28
9/26/2022 0:46,0.286
9/26/2022 0:47,0.292
9/26/2022 0:48,0.298
9/26/2022 0:49,0.303
9/26/2022 0:50,0.309
9/26/2022 0:51,0.315
9/26/2022 0:52,0.321
9/26/2022 0:53,0.327
9/26/2022 0:54,0.333
9/26/2022 0:55,0.339
9/26/2022 0:56,0.344
9/26/2022 0:57,0.35
9/26/2022 0:58,0.356
9/26/2022 0:59,0.362
9/26/2022 1:00,0.368
9/26/2022 1:01,0.374
9/26/2022 1:02,0.379
9/26/2022 1:03,0.385
9/26/2022 1:04,0.391
9/26/2022 1:05,0.396
9/26/2022 1:06,0.402
9/26/2022 1:07,0.407
9/26/2022 1:08,0.413
9/26/2022 1:09,0.418
9/26/2022 1:10,0.423
9/26/2022 1:11,0.428
9/26/2022 1:12,0.433
9/26/2022 1:13,0.439
9/26/2022 1:14,0.444
9/26/2022 1:15,0.448
9/26/2022 1:16,0.453
9/26/2022 1:17,0.458
9/26/2022 1:18,0.463
9/26/2022 1:19,0.468
9/26/2022 1:20,0.472
9/26/2022 1:21,0.477
9/26/2022 1:22,0.482
9/26/2022 1:23,0.486
9/26/2022 1:24,0.49
9/26/2022 1:25,0.495
9/26/2022 1:26,0.499
9/26/2022 1:27,0.503
9/26/2022 1:28,0.507
9/26/2022 1:29,0.512
9/26/2022 1:30,0.516
9/26/2022 1:31,0.52
9/26/2022 1:32,0.524
9/26/2022 1:33,0.528
9/26/2022 1:34,0.532
9/26/2022 1:35,0.536
9/26/2022 1:36,0.54
9/26/2022 1:37,0.544
9/26/2022 1:38,0.548
9/26/2022 1:39,0.552
9/26/2022 1:40,0.556
9/26/2022 1:41,0.56
9/26/2022 1:42,0.564
9/26/2022 1:43,0.568
9/26/2022 1:44,0.572
9/26/2022 1:45,0.576
9/26/2022 1:46,0.58
9/26/2022 1:47,0.584
9/26/2022 1:48,0.588
9/26/2022 1:49,0.592
9/26/2022 1:50,0.596
9/26/2022 1:51,0.6
9/26/2022 1:52,0.604
9/26/2022 1:53,0.608
9/26/2022 1:54,0.612
9/26/2022 1:55,0.616
9/26/2022 1:56,0.62
9/26/2022 1:57,0.624
9/26/2022 1:58,0.628
9/26/2022 1:59,0.632
9/26/2022 2:00,0.637
9/26/2022 2:01,0.64
9/26/2022 2:02,0.644
9/26/2022 2:03,0.648
9/26/2022 2:04,0.652
9/26/2022 2:05,0.655
9/26/2022 2:06,0.659
9/26/2022 2:07,0.662
9/26/2022 2:08,0.665
9/26/2022 2:09,0.668
9/26/2022 2:10,0.672
9/26/2022 2:11,0.675
9/26/2022 2:12,0.677
9/26/2022 2:13,0.68
9/26/2022 2:14,0.683
9/26/2022 2:15,0.686
9/26/2022 2:16,0.688
9/26/2022 2:17,0.69
9/26/2022 2:18,0.693
9/26/2022 2:19,0.695
9/26/2022 2:20,0.697
9/26/2022 2:21,0.699
9/26/2022 2:22,0.701
9/26/2022 2:23,0.703
9/26/2022 2:24,0.704
9/26/2022 2:25,0.706
9/26/2022 2:26,0.707
9/26/2022 2:27,0.709
9/26/2022 2:28,0.71
9/26/2022 2:29,0.711
9/26/2022 2:30,0.713
9/26/2022 2:31,0.714
9/26/2022 2:32,0.715
9/26/2022 2:33,0.716
9/26/2022 2:34,0.717
9/26/2022 2:35,0.718
9/26/2022 2:36,0.719
9/26/2022 2:37,0.72
9/26/2022 2:38,0.722
9/26/2022 2:39,0.723
9/26/2022 2:40,0.724
9/26/2022 2:41,0.725
9/26/2022 2:42,0.726
9/26/2022 2:43,0.727
9/26/2022 2:44,0.728
9/26/2022 2:45,0.73
9/26/2022 2:46,0.731
9/26/2022 2:47,0.732
9/26/2022 2:48,0.733
9/26/2022 2:49,0.734
9/26/2022 2:50,0.735
9/26/2022 2:51,0.736
9/26/2022 2:52,0.738
9/26/2022 2:53,0.739
9/26/2022 2:54,0.74
9/26/2022 2:55,0.741
9/26/2022 2:56,0.742
9/26/2022 2:57,0.743
9/26/2022 2:58,0.744
9/26/2022 2:59,0.745
9/26/2022 3:00,0.747
9/26/2022 3:01,0.748
9/26/2022 3:02,0.749
9/26/2022 3:03,0.749
9/26/2022 3:04,0.75
9/26/2022 3:05,0.751
9/26/2022 3:06,0.751
9/26/2022 3:07,0.751
9/26/2022 3:08,0.752
9/26/2022 3:09,0.752
9/26/2022 3:10,0.752
9/26/2022 3:11,0.752
9/26/2022 3:12,0.752
9/26/2022 3:13,0.751
9/26/2022 3:14,0.751
9/26/2022 3:15,0.75
9/26/2022 3:16,0.75
9/26/2022 3:17,0.749
9/26/2022 3:18,0.748
9/26/2022 3:19,0.747
9/26/2022 3:20,0.746
9/26/2022 3:21,0.745
9/26/2022 3:22,0.744
9/26/2022 3:23,0.743
9/26/2022 3:24,0.741
9/26/2022 3:25,0.74
9/26/2022 3:26,0.738
9/26/2022 3:27,0.736
9/26/2022 3:28,0.734
9/26/2022 3:29,0.732
9/26/2022 3:30,0.73
9/26/2022 3:31,0.728
9/26/2022 3:32,0.726
9/26/2022 3:33,0.724
9/26/2022 3:34,0.721
9/26/2022 3:35,0.719
9/26/2022 3:36,0.717
9/26/2022 3:37,0.715
9/26/2022 3:38,0.713
9/26/2022 3:39,0.711
9/26/2022 3:40,0.709
9/26/2022 3:41,0.706
9/26/2022 3:42,0.704
9/26/2022 3:43,0.702
9/26/2022 3:44,0.7
9/26/2022 3:45,0.698
9/26/2022 3:46,0.696
9/26/2022 3:47,0.694
9/26/2022 3:48,0.692
9/26/2022 3:49,0.689
9/26/2022 3:50,0.687
9/26/2022 3:51,0.685
9/26/2022 3:52,0.683
9/26/2022 3:53,0.681
9/26/2022 3:54,0.679
9/26/2022 3:55,0.677
9/26/2022 3:56,0.674
9/26/2022 3:57,0.672
9/26/2022 3:58,0.67
9/26/2022 3:59,0.668
9/26/2022 4:00,0.666
9/26/2022 4:01,0.664
9/26/2022 4:02,0.661
9/26/2022 4:03,0.659
9/26/2022 4:04,0.656
9/26/2022 4:05,0.654
9/26/2022 4:06,0.651
9/26/2022 4:07,0.648
9/26/2022 4:08,0.646
9/26/2022 4:09,0.643
9/26/2022 4:10,0.64
9/26/2022 4:11,0.636
9/26/2022 4:12,0.633
9/26/2022 4:13,0.63
9/26/2022 4:14,0.626
9/26/2022 4:15,0.623
9/26/2022 4:16,0.619
9/26/2022 4:17,0.615
9/26/2022 4:18,0.612
9/26/2022 4:19,0.608
9/26/2022 4:20,0.604
9/26/2022 4:21,0.6
9/26/2022 4:22,0.596
9/26/2022 4:23,0.591
9/26/2022 4:24,0.587
9/26/2022 4:25,0.582
9/26/2022 4:26,0.578
9/26/2022 4:27,0.573
9/26/2022 4:28,0.568
9/26/2022 4:29,0.564
9/26/2022 4:30,0.559
9/26/2022 4:31,0.554
9/26/2022 4:32,0.549
9/26/2022 4:33,0.544
9/26/2022 4:34,0.539
9/26/2022 4:35,0.534
9/26/2022 4:36,0.529
9/26/2022 4:37,0.524
9/26/2022 4:38,0.519
9/26/2022 4:39,0.515
9/26/2022 4:40,0.51
9/26/2022 4:41,0.505
9/26/2022 4:42,0.5
9/26/2022 4:43,0.495
9/26/2022 4:44,0.49
9/26/2022 4:45,0.485
9/26/2022 4:46,0.48
9/26/2022 4:47,0.475
9/26/2022 4:48,0.47
9/26/2022 4:49,0.465
9/26/2022 4:50,0.46
9/26/2022 4:51,0.456
9/26/2022 4:52,0.451
9/26/2022 4:53,0.446
9/26/2022 4:54,0.441
9/26/2022 4:55,0.436
9/26/2022 4:56,0.431
9/26/2022 4:57,0.426
9/26/2022 4:58,0.421
9/26/2022 4:59,0.416
9/26/2022 5:00,0.411
9/26/2022 5:01,0.406
9/26/2022 5:02,0.401
9/26/2022 5:03,0.396
9/26/2022 5:04,0.391
9/26/2022 5:05,0.386
9/26/2022 5:06,0.381
9/26/2022 5:07,0.375
9/26/2022 5:08,0.37
9/26/2022 5:09,0.365
9/26/2022 5:10,0.359
9/26/2022 5:11,0.354
9/26/2022 5:12,0.348
9/26/2022 5:13,0.343
9/26/2022 5:14,0.337
9/26/2022 5:15,0.331
9/26/2022 5:16,0.326
9/26/2022 5:17,0.32
9/26/2022 5:18,0.314
9/26/2022 5:19,0.308
9/26/2022 5:20,0.302
9/26/2022 5:21,0.296
9/26/2022 5:22,0.29
9/26/2022 5:23,0.284
9/26/2022 5:24,0.278
9/26/2022 5:25,0.271
9/26/2022 5:26,0.265
9/26/2022 5:27,0.259
9/26/2022 5:28,0.252
9/26/2022 5:29,0.246
9/26/2022 5:30,0.24
9/26/2022 5:31,0.233
9/26/2022 5:32,0.227
9/26/2022 5:33,0.22
9/26/2022 5:34,0.214
9/26/2022 5:35,0.207
9/26/2022 5:36,0.201
9/26/2022 5:37,0.194
9/26/2022 5:38,0.188
9/26/2022 5:39,0.181
9/26/2022 5:40,0.175
9/26/2022 5:41,0.168
9/26/2022 5:42,0.162
9/26/2022 5:43,0.155
9/26/2022 5:44,0.149
9/26/2022 5:45,0.142
9/26/2022 5:46,0.136
9/26/2022 5:47,0.129
9/26/2022 5:48,0.123
9/26/2022 5:49,0.116
9/26/2022 5:50,0.11
9/26/2022 5:51,0.103
9/26/2022 5:52,0.097
9/26/2022 5:53,0.09
9/26/2022 5:54,0.084
9/26/2022 5:55,0.077
9/26/2022 5:56,0.071
9/26/2022 5:57,0.064
9/26/2022 5:58,0.058
9/26/2022 5:59,0.052
9/26/2022 6:00,0.045
9/26/2022 6:01,0.039
9/26/2022 6:02,0.032
9/26/2022 6:03,0.026
9/26/2022 6:04,0.019
9/26/2022 6:05,0.013
9/26/2022 6:06,0.006
9/26/2022 6:07,0
9/26/2022 6:08,-0.007
9/26/2022 6:09,-0.013
9/26/2022 6:10,-0.02
9/26/2022 6:11,-0.026
9/26/2022 6:12,-0.032
9/26/2022 6:13,-0.039
9/26/2022 6:14,-0.045
9/26/2022 6:15,-0.052
9/26/2022 6:16,-0.058
9/26/2022 6:17,-0.065
9/26/2022 6:18,-0.071
9/26/2022 6:19,-0.077
9/26/2022 6:20,-0.084
9/26/2022 6:21,-0.09
9/26/2022 6:22,-0.097
9/26/2022 6:23,-0.103
9/26/2022 6:24,-0.109
9/26/2022 6:25,-0.116
9/26/2022 6:26,-0.122
9/26/2022 6:27,-0.128
9/26/2022 6:28,-0.135
9/26/2022 6:29,-0.141
9/26/2022 6:30,-0.147
9/26/2022 6:31,-0.154
9/26/2022 6:32,-0.16
9/26/2022 6:33,-0.166
9/26/2022 6:34,-0.173
9/26/2022 6:35,-0.179
9/26/2022 6:36,-0.186
9/26/2022 6:37,-0.192
9/26/2022 6:38,-0.198
9/26/2022 6:39,-0.205
9/26/2022 6:40,-0.211
9/26/2022 6:41,-0.217
9/26/2022 6:42,-0.224
9/26/2022 6:43,-0.23
9/26/2022 6:44,-0.236
9/26/2022 6:45,-0.243
9/26/2022 6:46,-0.249
9/26/2022 6:47,-0.255
9/26/2022 6:48,-0.262
9/26/2022 6:49,-0.268
9/26/2022 6:50,-0.274
9/26/2022 6:51,-0.281
9/26/2022 6:52,-0.287
9/26/2022 6:53,-0.293
9/26/2022 6:54,-0.3
9/26/2022 6:55,-0.306
9/26/2022 6:56,-0.313
9/26/2022 6:57,-0.319
9/26/2022 6:58,-0.325
9/26/2022 6:59,-0.332
9/26/2022 7:00,-0.338
9/26/2022 7:01,-0.344
9/26/2022 7:02,-0.35
9/26/2022 7:03,-0.357
9/26/2022 7:04,-0.363
9/26/2022 7:05,-0.369
9/26/2022 7:06,-0.375
9/26/2022 7:07,-0.381
9/26/2022 7:08,-0.387
9/26/2022 7:09,-0.392
9/26/2022 7:10,-0.398
9/26/2022 7:11,-0.404
9/26/2022 7:12,-0.41
9/26/2022 7:13,-0.415
9/26/2022 7:14,-0.421
9/26/2022 7:15,-0.426
9/26/2022 7:16,-0.431
9/26/2022 7:17,-0.437
9/26/2022 7:18,-0.442
9/26/2022 7:19,-0.447
9/26/2022 7:20,-0.452
9/26/2022 7:21,-0.458
9/26/2022 7:22,-0.463
9/26/2022 7:23,-0.468
9/26/2022 7:24,-0.472
9/26/2022 7:25,-0.477
9/26/2022 7:26,-0.482
9/26/2022 7:27,-0.487
9/26/2022 7:28,-0.492
9/26/2022 7:29,-0.496
9/26/2022 7:30,-0.501
9/26/2022 7:31,-0.505
9/26/2022 7:32,-0.51
9/26/2022 7:33,-0.514
9/26/2022 7:34,-0.519
9/26/2022 7:35,-0.524
9/26/2022 7:36,-0.528
9/26/2022 7:37,-0.533
9/26/2022 7:38,-0.537
9/26/2022 7:39,-0.542
9/26/2022 7:40,-0.546
9/26/2022 7:41,-0.551
9/26/2022 7:42,-0.556
9/26/2022 7:43,-0.56
9/26/2022 7:44,-0.565
9/26/2022 7:45,-0.569
9/26/2022 7:46,-0.574
9/26/2022 7:47,-0.578
9/26/2022 7:48,-0.583
9/26/2022 7:49,-0.588
9/26/2022 7:50,-0.592
9/26/2022 7:51,-0.597
9/26/2022 7:52,-0.601
9/26/2022 7:53,-0.606
9/26/2022 7:54,-0.61
9/26/2022 7:55,-0.615
9/26/2022 7:56,-0.62
9/26/2022 7:57,-0.624
9/26/2022 7:58,-0.629
9/26/2022 7:59,-0.633
9/26/2022 8:00,-0.638
9/26/2022 8:01,-0.642
9/26/2022 8:02,-0.647
9/26/2022 8:03,-0.651
9/26/2022 8:04,-0.655
9/26/2022 8:05,-0.659
9/26/2022 8:06,-0.663
9/26/2022 8:07,-0.667
9/26/2022 8:08,-0.671
9/26/2022 8:09,-0.674
9/26/2022 8:10,-0.678
9/26/2022 8:11,-0.681
9/26/2022 8:12,-0.685
9/26/2022 8:13,-0.688
9/26/2022 8:14,-0.691
9/26/2022 8:15,-0.694
9/26/2022 8:16,-0.697
9/26/2022 8:17,-0.7
9/26/2022 8:18,-0.703
9/26/2022 8:19,-0.705
9/26/2022 8:20,-0.708
9/26/2022 8:21,-0.71
9/26/2022 8:22,-0.713
9/26/2022 8:23,-0.715
9/26/2022 8:24,-0.717
9/26/2022 8:25,-0.719
9/26/2022 8:26,-0.721
9/26/2022 8:27,-0.723
9/26/2022 8:28,-0.725
9/26/2022 8:29,-0.726
9/26/2022 8:30,-0.728
9/26/2022 8:31,-0.73
9/26/2022 8:32,-0.731
9/26/2022 8:33,-0.733
9/26/2022 8:34,-0.734
9/26/2022 8:35,-0.736
9/26/2022 8:36,-0.737
9/26/2022 8:37,-0.739
9/26/2022 8:38,-0.74
9/26/2022 8:39,-0.742
9/26/2022 8:40,-0.743
9/26/2022 8:41,-0.745
9/26/2022 8:42,-0.747
9/26/2022 8:43,-0.748
9/26/2022 8:44,-0.75
9/26/2022 8:45,-0.751
9/26/2022 8:46,-0.753
9/26/2022 8:47,-0.754
9/26/2022 8:48,-0.756
9/26/2022 8:49,-0.757
9/26/2022 8:50,-0.759
9/26/2022 8:51,-0.761
9/26/2022 8:52,-0.762
9/26/2022 8:53,-0.764
9/26/2022 8:54,-0.765
9/26/2022 8:55,-0.767
9/26/2022 8:56,-0.768
9/26/2022 8:57,-0.77
9/26/2022 8:58,-0.771
9/26/2022 8:59,-0.773
9/26/2022 9:00,-0.775
9/26/2022 9:01,-0.776
9/26/2022 9:02,-0.777
9/26/2022 9:03,-0.778
9/26/2022 9:04,-0.78
9/26/2022 9:05,-0.781
9/26/2022 9:06,-0.781
9/26/2022 9:07,-0.782
9/26/2022 9:08,-0.783
9/26/2022 9:09,-0.783
9/26/2022 9:10,-0.784
9/26/2022 9:11,-0.784
9/26/2022 9:12,-0.784
9/26/2022 9:13,-0.784
9/26/2022 9:14,-0.784
9/26/2022 9:15,-0.784
9/26/2022 9:16,-0.784
9/26/2022 9:17,-0.783
9/26/2022 9:18,-0.783
9/26/2022 9:19,-0.782
9/26/2022 9:20,-0.781
9/26/2022 9:21,-0.781
9/26/2022 9:22,-0.78
9/26/2022 9:23,-0.778
9/26/2022 9:24,-0.777
9/26/2022 9:25,-0.776
9/26/2022 9:26,-0.774
9/26/2022 9:27,-0.773
9/26/2022 9:28,-0.771
9/26/2022 9:29,-0.77
9/26/2022 9:30,-0.768
9/26/2022 9:31,-0.766
9/26/2022 9:32,-0.764
9/26/2022 9:33,-0.762
9/26/2022 9:34,-0.76
9/26/2022 9:35,-0.758
9/26/2022 9:36,-0.756
9/26/2022 9:37,-0.754
9/26/2022 9:38,-0.752
9/26/2022 9:39,-0.75
9/26/2022 9:40,-0.749
9/26/2022 9:41,-0.747
9/26/2022 9:42,-0.745
9/26/2022 9:43,-0.743
9/26/2022 9:44,-0.741
9/26/2022 9:45,-0.739
9/26/2022 9:46,-0.737
9/26/2022 9:47,-0.735
9/26/2022 9:48,-0.733
9/26/2022 9:49,-0.731
9/26/2022 9:50,-0.73
9/26/2022 9:51,-0.728
9/26/2022 9:52,-0.726
9/26/2022 9:53,-0.724
9/26/2022 9:54,-0.722
9/26/2022 9:55,-0.72
9/26/2022 9:56,-0.718
9/26/2022 9:57,-0.716
9/26/2022 9:58,-0.714
9/26/2022 9:59,-0.712
9/26/2022 10:00,-0.711
9/26/2022 10:01,-0.709
9/26/2022 10:02,-0.706
9/26/2022 10:03,-0.704
9/26/2022 10:04,-0.702
9/26/2022 10:05,-0.7
9/26/2022 10:06,-0.697
9/26/2022 10:07,-0.694
9/26/2022 10:08,-0.692
9/26/2022 10:09,-0.689
9/26/2022 10:10,-0.686
9/26/2022 10:11,-0.683
9/26/2022 10:12,-0.68
9/26/2022 10:13,-0.677
9/26/2022 10:14,-0.674
9/26/2022 10:15,-0.67
9/26/2022 10:16,-0.667
9/26/2022 10:17,-0.663
9/26/2022 10:18,-0.659
9/26/2022 10:19,-0.656
9/26/2022 10:20,-0.652
9/26/2022 10:21,-0.648
9/26/2022 10:22,-0.644
9/26/2022 10:23,-0.639
9/26/2022 10:24,-0.635
9/26/2022 10:25,-0.631
9/26/2022 10:26,-0.626
9/26/2022 10:27,-0.622
9/26/2022 10:28,-0.617
9/26/2022 10:29,-0.612
9/26/2022 10:30,-0.607
9/26/2022 10:31,-0.602
9/26/2022 10:32,-0.598
9/26/2022 10:33,-0.593
9/26/2022 10:34,-0.588
9/26/2022 10:35,-0.583
9/26/2022 10:36,-0.578
9/26/2022 10:37,-0.573
9/26/2022 10:38,-0.568
9/26/2022 10:39,-0.563
9/26/2022 10:40,-0.558
9/26/2022 10:41,-0.554
9/26/2022 10:42,-0.549
9/26/2022 10:43,-0.544
9/26/2022 10:44,-0.539
9/26/2022 10:45,-0.534
9/26/2022 10:46,-0.529
9/26/2022 10:47,-0.524
9/26/2022 10:48,-0.519
9/26/2022 10:49,-0.515
9/26/2022 10:50,-0.51
9/26/2022 10:51,-0.505
9/26/2022 10:52,-0.5
9/26/2022 10:53,-0.495
9/26/2022 10:54,-0.49
9/26/2022 10:55,-0.485
9/26/2022 10:56,-0.48
9/26/2022 10:57,-0.475
9/26/2022 10:58,-0.471
9/26/2022 10:59,-0.466
9/26/2022 11:00,-0.461
9/26/2022 11:01,-0.456
9/26/2022 11:02,-0.451
9/26/2022 11:03,-0.446
9/26/2022 11:04,-0.441
9/26/2022 11:05,-0.436
9/26/2022 11:06,-0.43
9/26/2022 11:07,-0.425
9/26/2022 11:08,-0.42
9/26/2022 11:09,-0.414
9/26/2022 11:10,-0.409
9/26/2022 11:11,-0.403
9/26/2022 11:12,-0.398
9/26/2022 11:13,-0.392
9/26/2022 11:14,-0.386
9/26/2022 11:15,-0.381
9/26/2022 11:16,-0.375
9/26/2022 11:17,-0.369
9/26/2022 11:18,-0.363
9/26/2022 11:19,-0.357
9/26/2022 11:20,-0.351
9/26/2022 11:21,-0.345
9/26/2022 11:22,-0.339
9/26/2022 11:23,-0.333
9/26/2022 11:24,-0.326
9/26/2022 11:25,-0.32
9/26/2022 11:26,-0.314
9/26/2022 11:27,-0.307
9/26/2022 11:28,-0.301
9/26/2022 11:29,-0.294
9/26/2022 11:30,-0.287
9/26/2022 11:31,-0.281
9/26/2022 11:32,-0.274
9/26/2022 11:33,-0.268
9/26/2022 11:34,-0.261
9/26/2022 11:35,-0.254
9/26/2022 11:36,-0.248
9/26/2022 11:37,-0.241
9/26/2022 11:38,-0.235
9/26/2022 11:39,-0.228
9/26/2022 11:40,-0.221
9/26/2022 11:41,-0.215
9/26/2022 11:42,-0.208
9/26/2022 11:43,-0.201
9/26/2022 11:44,-0.195
9/26/2022 11:45,-0.188
9/26/2022 11:46,-0.182
9/26/2022 11:47,-0.175
9/26/2022 11:48,-0.168
9/26/2022 11:49,-0.162
9/26/2022 11:50,-0.155
9/26/2022 11:51,-0.148
9/26/2022 11:52,-0.142
9/26/2022 11:53,-0.135
9/26/2022 11:54,-0.129
9/26/2022 11:55,-0.122
9/26/2022 11:56,-0.115
9/26/2022 11:57,-0.109
9/26/2022 11:58,-0.102
9/26/2022 11:59,-0.096
9/26/2022 12:00,-0.089
9/26/2022 12:01,-0.082
9/26/2022 12:02,-0.076
9/26/2022 12:03,-0.069
9/26/2022 12:04,-0.062
9/26/2022 12:05,-0.056
9/26/2022 12:06,-0.049
9/26/2022 12:07,-0.043
9/26/2022 12:08,-0.036
9/26/2022 12:09,-0.029
9/26/2022 12:10,-0.023
9/26/2022 12:11,-0.016
9/26/2022 12:12,-0.009
9/26/2022 12:13,-0.003
9/26/2022 12:14,0.004
9/26/2022 12:15,0.01
9/26/2022 12:16,0.017
9/26/2022 12:17,0.024
9/26/2022 12:18,0.03
9/26/2022 12:19,0.037
9/26/2022 12:20,0.044
9/26/2022 12:21,0.05
9/26/2022 12:22,0.057
9/26/2022 12:23,0.064
9/26/2022 12:24,0.07
9/26/2022 12:25,0.077
9/26/2022 12:26,0.083
9/26/2022 12:27,0.09
9/26/2022 12:28,0.097
9/26/2022 12:29,0.103
9/26/2022 12:30,0.11
9/26/2022 12:31,0.117
9/26/2022 12:32,0.123
9/26/2022 12:33,0.13
9/26/2022 12:34,0.137
9/26/2022 12:35,0.143
9/26/2022 12:36,0.15
9/26/2022 12:37,0.157
9/26/2022 12:38,0.163
9/26/2022 12:39,0.17
9/26/2022 12:40,0.177
9/26/2022 12:41,0.183
9/26/2022 12:42,0.19
9/26/2022 12:43,0.197
9/26/2022 12:44,0.203
9/26/2022 12:45,0.21
9/26/2022 12:46,0.216
9/26/2022 12:47,0.223
9/26/2022 12:48,0.23
9/26/2022 12:49,0.236
9/26/2022 12:50,0.243
9/26/2022 12:51,0.25
9/26/2022 12:52,0.256
9/26/2022 12:53,0.263
9/26/2022 12:54,0.27
9/26/2022 12:55,0.276
9/26/2022 12:56,0.283
9/26/2022 12:57,0.29
9/26/2022 12:58,0.296
9/26/2022 12:59,0.303
9/26/2022 13:00,0.31
9/26/2022 13:01,0.316
9/26/2022 13:02,0.323
9/26/2022 13:03,0.329
9/26/2022 13:04,0.336
9/26/2022 13:05,0.342
9/26/2022 13:06,0.348
9/26/2022 13:07,0.355
9/26/2022 13:08,0.361
9/26/2022 13:09,0.367
9/26/2022 13:10,0.373
9/26/2022 13:11,0.379
9/26/2022 13:12,0.385
9/26/2022 13:13,0.391
9/26/2022 13:14,0.397
9/26/2022 13:15,0.403
9/26/2022 13:16,0.409
9/26/2022 13:17,0.414
9/26/2022 13:18,0.42
9/26/2022 13:19,0.426
9/26/2022 13:20,0.431
9/26/2022 13:21,0.437
9/26/2022 13:22,0.442
9/26/2022 13:23,0.448
9/26/2022 13:24,0.453
9/26/2022 13:25,0.458
9/26/2022 13:26,0.464
9/26/2022 13:27,0.469
9/26/2022 13:28,0.474
9/26/2022 13:29,0.479
9/26/2022 13:30,0.484
9/26/2022 13:31,0.489
9/26/2022 13:32,0.494
9/26/2022 13:33,0.499
9/26/2022 13:34,0.504
9/26/2022 13:35,0.509
9/26/2022 13:36,0.514
9/26/2022 13:37,0.519
9/26/2022 13:38,0.524
9/26/2022 13:39,0.529
9/26/2022 13:40,0.534
9/26/2022 13:41,0.539
9/26/2022 13:42,0.544
9/26/2022 13:43,0.549
9/26/2022 13:44,0.555
9/26/2022 13:45,0.56
9/26/2022 13:46,0.565
9/26/2022 13:47,0.57
9/26/2022 13:48,0.575
9/26/2022 13:49,0.58
9/26/2022 13:50,0.585
9/26/2022 13:51,0.59
9/26/2022 13:52,0.595
9/26/2022 13:53,0.6
9/26/2022 13:54,0.605
9/26/2022 13:55,0.61
9/26/2022 13:56,0.615
9/26/2022 13:57,0.62
9/26/2022 13:58,0.625
9/26/2022 13:59,0.63
9/26/2022 14:00,0.635
9/26/2022 14:01,0.64
9/26/2022 14:02,0.645
9/26/2022 14:03,0.65
9/26/2022 14:04,0.654
9/26/2022 14:05,0.659
9/26/2022 14:06,0.663
9/26/2022 14:07,0.668
9/26/2022 14:08,0.672
9/26/2022 14:09,0.676
9/26/2022 14:10,0.68
9/26/2022 14:11,0.684
9/26/2022 14:12,0.688
9/26/2022 14:13,0.692
9/26/2022 14:14,0.695
9/26/2022 14:15,0.699
9/26/2022 14:16,0.702
9/26/2022 14:17,0.706
9/26/2022 14:18,0.709
9/26/2022 14:19,0.712
9/26/2022 14:20,0.715
9/26/2022 14:21,0.718
9/26/2022 14:22,0.721
9/26/2022 14:23,0.724
9/26/2022 14:24,0.726
9/26/2022 14:25,0.729
9/26/2022 14:26,0.732
9/26/2022 14:27,0.734
9/26/2022 14:28,0.736
9/26/2022 14:29,0.738
9/26/2022 14:30,0.74
9/26/2022 14:31,0.743
9/26/2022 14:32,0.745
9/26/2022 14:33,0.747
9/26/2022 14:34,0.749
9/26/2022 14:35,0.751
9/26/2022 14:36,0.753
9/26/2022 14:37,0.755
9/26/2022 14:38,0.757
9/26/2022 14:39,0.759
9/26/2022 14:40,0.762
9/26/2022 14:41,0.764
9/26/2022 14:42,0.766
9/26/2022 14:43,0.768
9/26/2022 14:44,0.77
9/26/2022 14:45,0.772
9/26/2022 14:46,0.774
9/26/2022 14:47,0.776
9/26/2022 14:48,0.778
9/26/2022 14:49,0.78
9/26/2022 14:50,0.783
9/26/2022 14:51,0.785
9/26/2022 14:52,0.787
9/26/2022 14:53,0.789
9/26/2022 14:54,0.791
9/26/2022 14:55,0.793
9/26/2022 14:56,0.795
9/26/2022 14:57,0.797
9/26/2022 14:58,0.799
9/26/2022 14:59,0.801
9/26/2022 15:00,0.804
9/26/2022 15:01,0.806
9/26/2022 15:02,0.807
9/26/2022 15:03,0.809
9/26/2022 15:04,0.811
9/26/2022 15:05,0.812
9/26/2022 15:06,0.814
9/26/2022 15:07,0.815
9/26/2022 15:08,0.816
9/26/2022 15:09,0.817
9/26/2022 15:10,0.818
9/26/2022 15:11,0.819
9/26/2022 15:12,0.82
9/26/2022 15:13,0.82
9/26/2022 15:14,0.821
9/26/2022 15:15,0.821
9/26/2022 15:16,0.821
9/26/2022 15:17,0.821
9/26/2022 15:18,0.821
9/26/2022 15:19,0.821
9/26/2022 15:20,0.821
9/26/2022 15:21,0.821
9/26/2022 15:22,0.82
9/26/2022 15:23,0.82
9/26/2022 15:24,0.819
9/26/2022 15:25,0.818
9/26/2022 15:26,0.817
9/26/2022 15:27,0.816
9/26/2022 15:28,0.815
9/26/2022 15:29,0.814
9/26/2022 15:30,0.813
9/26/2022 15:31,0.811
9/26/2022 15:32,0.81
9/26/2022 15:33,0.808
9/26/2022 15:34,0.807
9/26/2022 15:35,0.806
9/26/2022 15:36,0.804
9/26/2022 15:37,0.803
9/26/2022 15:38,0.801
9/26/2022 15:39,0.8
9/26/2022 15:40,0.799
9/26/2022 15:41,0.797
9/26/2022 15:42,0.796
9/26/2022 15:43,0.795
9/26/2022 15:44,0.793
9/26/2022 15:45,0.792
9/26/2022 15:46,0.79
9/26/2022 15:47,0.789
9/26/2022 15:48,0.788
9/26/2022 15:49,0.786
9/26/2022 15:50,0.785
9/26/2022 15:51,0.784
9/26/2022 15:52,0.782
9/26/2022 15:53,0.781
9/26/2022 15:54,0.779
9/26/2022 15:55,0.778
9/26/2022 15:56,0.777
9/26/2022 15:57,0.775
9/26/2022 15:58,0.774
9/26/2022 15:59,0.772
9/26/2022 16:00,0.771
9/26/2022 16:01,0.77
9/26/2022 16:02,0.768
9/26/2022 16:03,0.766
9/26/2022 16:04,0.764
9/26/2022 16:05,0.763
9/26/2022 16:06,0.761
9/26/2022 16:07,0.758
9/26/2022 16:08,0.756
9/26/2022 16:09,0.754
9/26/2022 16:10,0.751
9/26/2022 16:11,0.749
9/26/2022 16:12,0.746
9/26/2022 16:13,0.743
9/26/2022 16:14,0.74
9/26/2022 16:15,0.738
9/26/2022 16:16,0.734
9/26/2022 16:17,0.731
9/26/2022 16:18,0.728
9/26/2022 16:19,0.724
9/26/2022 16:20,0.721
9/26/2022 16:21,0.717
9/26/2022 16:22,0.714
9/26/2022 16:23,0.71
9/26/2022 16:24,0.706
9/26/2022 16:25,0.702
9/26/2022 16:26,0.698
9/26/2022 16:27,0.693
9/26/2022 16:28,0.689
9/26/2022 16:29,0.685
9/26/2022 16:30,0.68
9/26/2022 16:31,0.675
9/26/2022 16:32,0.671
9/26/2022 16:33,0.666
9/26/2022 16:34,0.662
9/26/2022 16:35,0.657
9/26/2022 16:36,0.652
9/26/2022 16:37,0.648
9/26/2022 16:38,0.643
9/26/2022 16:39,0.639
9/26/2022 16:40,0.634
9/26/2022 16:41,0.63
9/26/2022 16:42,0.625
9/26/2022 16:43,0.62
9/26/2022 16:44,0.616
9/26/2022 16:45,0.611
9/26/2022 16:46,0.607
9/26/2022 16:47,0.602
9/26/2022 16:48,0.597
9/26/2022 16:49,0.593
9/26/2022 16:50,0.588
9/26/2022 16:51,0.584
9/26/2022 16:52,0.579
9/26/2022 16:53,0.574
9/26/2022 16:54,0.57
9/26/2022 16:55,0.565
9/26/2022 16:56,0.561
9/26/2022 16:57,0.556
9/26/2022 16:58,0.552
9/26/2022 16:59,0.547
9/26/2022 17:00,0.542
9/26/2022 17:01,0.538
9/26/2022 17:02,0.533
9/26/2022 17:03,0.528
9/26/2022 17:04,0.523
9/26/2022 17:05,0.519
9/26/2022 17:06,0.514
9/26/2022 17:07,0.508
9/26/2022 17:08,0.503
9/26/2022 17:09,0.498
9/26/2022 17:10,0.493
9/26/2022 17:11,0.488
9/26/2022 17:12,0.482
9/26/2022 17:13,0.477
9/26/2022 17:14,0.471
9/26/2022 17:15,0.465
9/26/2022 17:16,0.46
9/26/2022 17:17,0.454
9/26/2022 17:18,0.448
9/26/2022 17:19,0.442
9/26/2022 17:20,0.436
9/26/2022 17:21,0.43
9/26/2022 17:22,0.424
9/26/2022 17:23,0.418
9/26/2022 17:24,0.412
9/26/2022 17:25,0.406
9/26/2022 17:26,0.399
9/26/2022 17:27,0.393
9/26/2022 17:28,0.386
9/26/2022 17:29,0.38
9/26/2022 17:30,0.373
9/26/2022 17:31,0.367
9/26/2022 17:32,0.36
9/26/2022 17:33,0.353
9/26/2022 17:34,0.347
9/26/2022 17:35,0.34
9/26/2022 17:36,0.333
9/26/2022 17:37,0.327
9/26/2022 17:38,0.32
9/26/2022 17:39,0.313
9/26/2022 17:40,0.307
9/26/2022 17:41,0.3
9/26/2022 17:42,0.294
9/26/2022 17:43,0.287
9/26/2022 17:44,0.28
9/26/2022 17:45,0.274
9/26/2022 17:46,0.267
9/26/2022 17:47,0.26
9/26/2022 17:48,0.254
9/26/2022 17:49,0.247
9/26/2022 17:50,0.241
9/26/2022 17:51,0.234
9/26/2022 17:52,0.227
9/26/2022 17:53,0.221
9/26/2022 17:54,0.214
9/26/2022 17:55,0.207
9/26/2022 17:56,0.201
9/26/2022 17:57,0.194
9/26/2022 17:58,0.187
9/26/2022 17:59,0.181
9/26/2022 18:00,0.174
9/26/2022 18:01,0.168
9/26/2022 18:02,0.161
9/26/2022 18:03,0.154
9/26/2022 18:04,0.148
9/26/2022 18:05,0.141
9/26/2022 18:06,0.134
9/26/2022 18:07,0.127
9/26/2022 18:08,0.121
9/26/2022 18:09,0.114
9/26/2022 18:10,0.107
9/26/2022 18:11,0.1
9/26/2022 18:12,0.094
9/26/2022 18:13,0.087
9/26/2022 18:14,0.08
9/26/2022 18:15,0.073
9/26/2022 18:16,0.066
9/26/2022 18:17,0.06
9/26/2022 18:18,0.053
9/26/2022 18:19,0.046
9/26/2022 18:20,0.039
9/26/2022 18:21,0.032
9/26/2022 18:22,0.025
9/26/2022 18:23,0.018
9/26/2022 18:24,0.011
9/26/2022 18:25,0.004
9/26/2022 18:26,-0.003
9/26/2022 18:27,-0.01
9/26/2022 18:28,-0.017
9/26/2022 18:29,-0.024
9/26/2022 18:30,-0.031
9/26/2022 18:31,-0.038
9/26/2022 18:32,-0.045
9/26/2022 18:33,-0.052
9/26/2022 18:34,-0.059
9/26/2022 18:35,-0.066
9/26/2022 18:36,-0.073
9/26/2022 18:37,-0.08
9/26/2022 18:38,-0.087
9/26/2022 18:39,-0.094
9/26/2022 18:40,-0.101
9/26/2022 18:41,-0.108
9/26/2022 18:42,-0.115
9/26/2022 18:43,-0.122
9/26/2022 18:44,-0.129
9/26/2022 18:45,-0.136
9/26/2022 18:46,-0.144
9/26/2022 18:47,-0.151
9/26/2022 18:48,-0.158
9/26/2022 18:49,-0.165
9/26/2022 18:50,-0.172
9/26/2022 18:51,-0.179
9/26/2022 18:52,-0.186
9/26/2022 18:53,-0.193
9/26/2022 18:54,-0.2
9/26/2022 18:55,-0.207
9/26/2022 18:56,-0.214
9/26/2022 18:57,-0.221
9/26/2022 18:58,-0.228
9/26/2022 18:59,-0.235
9/26/2022 19:00,-0.242
9/26/2022 19:01,-0.249
9/26/2022 19:02,-0.256
9/26/2022 19:03,-0.263
9/26/2022 19:04,-0.27
9/26/2022 19:05,-0.276
9/26/2022 19:06,-0.283
9/26/2022 19:07,-0.29
9/26/2022 19:08,-0.297
9/26/2022 19:09,-0.303
9/26/2022 19:10,-0.31
9/26/2022 19:11,-0.316
9/26/2022 19:12,-0.323
9/26/2022 19:13,-0.329
9/26/2022 19:14,-0.335
9/26/2022 19:15,-0.342
9/26/2022 19:16,-0.348
9/26/2022 19:17,-0.354
9/26/2022 19:18,-0.36
9/26/2022 19:19,-0.366
9/26/2022 19:20,-0.372
9/26/2022 19:21,-0.378
9/26/2022 19:22,-0.384
9/26/2022 19:23,-0.39
9/26/2022 19:24,-0.396
9/26/2022 19:25,-0.402
9/26/2022 19:26,-0.408
9/26/2022 19:27,-0.413
9/26/2022 19:28,-0.419
9/26/2022 19:29,-0.425
9/26/2022 19:30,-0.43
9/26/2022 19:31,-0.436
9/26/2022 19:32,-0.441
9/26/2022 19:33,-0.447
9/26/2022 19:34,-0.453
9/26/2022 19:35,-0.458
9/26/2022 19:36,-0.464
9/26/2022 19:37,-0.469
9/26/2022 19:38,-0.475
9/26/2022 19:39,-0.48
9/26/2022 19:40,-0.486
9/26/2022 19:41,-0.492
9/26/2022 19:42,-0.497
9/26/2022 19:43,-0.503
9/26/2022 19:44,-0.508
9/26/2022 19:45,-0.514
9/26/2022 19:46,-0.519
9/26/2022 19:47,-0.525
9/26/2022 19:48,-0.53
9/26/2022 19:49,-0.536
9/26/2022 19:50,-0.542
9/26/2022 19:51,-0.547
9/26/2022 19:52,-0.553
9/26/2022 19:53,-0.558
9/26/2022 19:54,-0.564
9/26/2022 19:55,-0.569
9/26/2022 19:56,-0.575
9/26/2022 19:57,-0.581
9/26/2022 19:58,-0.586
9/26/2022 19:59,-0.592
9/26/2022 20:00,-0.597
9/26/2022 20:01,-0.603
9/26/2022 20:02,-0.608
9/26/2022 20:03,-0.613
9/26/2022 20:04,-0.619
9/26/2022 20:05,-0.624
9/26/2022 20:06,-0.629
9/26/2022 20:07,-0.634
9/26/2022 20:08,-0.638
9/26/2022 20:09,-0.643
9/26/2022 20:10,-0.648
9/26/2022 20:11,-0.652
9/26/2022 20:12,-0.657
9/26/2022 20:13,-0.661
9/26/2022 20:14,-0.665
9/26/2022 20:15,-0.669
9/26/2022 20:16,-0.673
9/26/2022 20:17,-0.677
9/26/2022 20:18,-0.681
9/26/2022 20:19,-0.685
9/26/2022 20:20,-0.689
9/26/2022 20:21,-0.692
9/26/2022 20:22,-0.696
9/26/2022 20:23,-0.699
9/26/2022 20:24,-0.702
9/26/2022 20:25,-0.706
9/26/2022 20:26,-0.709
9/26/2022 20:27,-0.712
9/26/2022 20:28,-0.715
9/26/2022 20:29,-0.717
9/26/2022 20:30,-0.72
9/26/2022 20:31,-0.723
9/26/2022 20:32,-0.726
9/26/2022 20:33,-0.728
9/26/2022 20:34,-0.731
9/26/2022 20:35,-0.734
9/26/2022 20:36,-0.736
9/26/2022 20:37,-0.739
9/26/2022 20:38,-0.742
9/26/2022 20:39,-0.745
9/26/2022 20:40,-0.747
9/26/2022 20:41,-0.75
9/26/2022 20:42,-0.753
9/26/2022 20:43,-0.755
9/26/2022 20:44,-0.758
9/26/2022 20:45,-0.761
9/26/2022 20:46,-0.764
9/26/2022 20:47,-0.766
9/26/2022 20:48,-0.769
9/26/2022 20:49,-0.772
9/26/2022 20:50,-0.774
9/26/2022 20:51,-0.777
9/26/2022 20:52,-0.78
9/26/2022 20:53,-0.783
9/26/2022 20:54,-0.785
9/26/2022 20:55,-0.788
9/26/2022 20:56,-0.791
9/26/2022 20:57,-0.794
9/26/2022 20:58,-0.796
9/26/2022 20:59,-0.799
9/26/2022 21:00,-0.802
9/26/2022 21:01,-0.804
9/26/2022 21:02,-0.807
9/26/2022 21:03,-0.809
9/26/2022 21:04,-0.811
9/26/2022 21:05,-0.813
9/26/2022 21:06,-0.815
9/26/2022 21:07,-0.817
9/26/2022 21:08,-0.819
9/26/2022 21:09,-0.821
9/26/2022 21:10,-0.822
9/26/2022 21:11,-0.824
9/26/2022 21:12,-0.825
9/26/2022 21:13,-0.826
9/26/2022 21:14,-0.827
9/26/2022 21:15,-0.828
9/26/2022 21:16,-0.829
9/26/2022 21:17,-0.83
9/26/2022 21:18,-0.83
9/26/2022 21:19,-0.831
9/26/2022 21:20,-0.831
9/26/2022 21:21,-0.831
9/26/2022 21:22,-0.831
9/26/2022 21:23,-0.831
9/26/2022 21:24,-0.831
9/26/2022 21:25,-0.831
9/26/2022 21:26,-0.831
9/26/2022 21:27,-0.83
9/26/2022 21:28,-0.83
9/26/2022 21:29,-0.829
9/26/2022 21:30,-0.828
9/26/2022 21:31,-0.827
9/26/2022 21:32,-0.826
9/26/2022 21:33,-0.826
9/26/2022 21:34,-0.825
9/26/2022 21:35,-0.824
9/26/2022 21:36,-0.823
9/26/2022 21:37,-0.822
9/26/2022 21:38,-0.821
9/26/2022 21:39,-0.821
9/26/2022 21:40,-0.82
9/26/2022 21:41,-0.819
9/26/2022 21:42,-0.818
9/26/2022 21:43,-0.817
9/26/2022 21:44,-0.816
9/26/2022 21:45,-0.816
9/26/2022 21:46,-0.815
9/26/2022 21:47,-0.814
9/26/2022 21:48,-0.813
9/26/2022 21:49,-0.812
9/26/2022 21:50,-0.811
9/26/2022 21:51,-0.811
9/26/2022 21:52,-0.81
9/26/2022 21:53,-0.809
9/26/2022 21:54,-0.808
9/26/2022 21:55,-0.807
9/26/2022 21:56,-0.806
9/26/2022 21:57,-0.806
9/26/2022 21:58,-0.805
9/26/2022 21:59,-0.804
9/26/2022 22:00,-0.803
9/26/2022 22:01,-0.802
9/26/2022 22:02,-0.801
9/26/2022 22:03,-0.8
9/26/2022 22:04,-0.799
9/26/2022 22:05,-0.797
9/26/2022 22:06,-0.796
9/26/2022 22:07,-0.794
9/26/2022 22:08,-0.792
9/26/2022 22:09,-0.791
9/26/2022 22:10,-0.789
9/26/2022 22:11,-0.787
9/26/2022 22:12,-0.785
9/26/2022 22:13,-0.782
9/26/2022 22:14,-0.78
9/26/2022 22:15,-0.777
9/26/2022 22:16,-0.775
9/26/2022 22:17,-0.772
9/26/2022 22:18,-0.769
9/26/2022 22:19,-0.766
9/26/2022 22:20,-0.763
9/26/2022 22:21,-0.76
9/26/2022 22:22,-0.757
9/26/2022 22:23,-0.754
9/26/2022 22:24,-0.75
9/26/2022 22:25,-0.747
9/26/2022 22:26,-0.743
9/26/2022 22:27,-0.739
9/26/2022 22:28,-0.735
9/26/2022 22:29,-0.731
9/26/2022 22:30,-0.727
9/26/2022 22:31,-0.723
9/26/2022 22:32,-0.719
9/26/2022 22:33,-0.715
9/26/2022 22:34,-0.71
9/26/2022 22:35,-0.706
9/26/2022 22:36,-0.702
9/26/2022 22:37,-0.698
9/26/2022 22:38,-0.694
9/26/2022 22:39,-0.69
9/26/2022 22:40,-0.686
9/26/2022 22:41,-0.681
9/26/2022 22:42,-0.677
9/26/2022 22:43,-0.673
9/26/2022 22:44,-0.669
9/26/2022 22:45,-0.665
9/26/2022 22:46,-0.661
9/26/2022 22:47,-0.657
9/26/2022 22:48,-0.653
9/26/2022 22:49,-0.648
9/26/2022 22:50,-0.644
9/26/2022 22:51,-0.64
9/26/2022 22:52,-0.636
9/26/2022 22:53,-0.632
9/26/2022 22:54,-0.628
9/26/2022 22:55,-0.624
9/26/2022 22:56,-0.619
9/26/2022 22:57,-0.615
9/26/2022 22:58,-0.611
9/26/2022 22:59,-0.607
9/26/2022 23:00,-0.603
9/26/2022 23:01,-0.599
9/26/2022 23:02,-0.594
9/26/2022 23:03,-0.59
9/26/2022 23:04,-0.586
9/26/2022 23:05,-0.581
9/26/2022 23:06,-0.577
9/26/2022 23:07,-0.572
9/26/2022 23:08,-0.567
9/26/2022 23:09,-0.562
9/26/2022 23:10,-0.558
9/26/2022 23:11,-0.553
9/26/2022 23:12,-0.548
9/26/2022 23:13,-0.543
9/26/2022 23:14,-0.538
9/26/2022 23:15,-0.532
9/26/2022 23:16,-0.527
9/26/2022 23:17,-0.522
9/26/2022 23:18,-0.516
9/26/2022 23:19,-0.511
9/26/2022 23:20,-0.505
9/26/2022 23:21,-0.5
9/26/2022 23:22,-0.494
9/26/2022 23:23,-0.488
9/26/2022 23:24,-0.482
9/26/2022 23:25,-0.476
9/26/2022 23:26,-0.47
9/26/2022 23:27,-0.464
9/26/2022 23:28,-0.458
9/26/2022 23:29,-0.452
9/26/2022 23:30,-0.446
9/26/2022 23:31,-0.439
9/26/2022 23:32,-0.433
9/26/2022 23:33,-0.427
9/26/2022 23:34,-0.42
9/26/2022 23:35,-0.414
9/26/2022 23:36,-0.408
9/26/2022 23:37,-0.402
9/26/2022 23:38,-0.395
9/26/2022 23:39,-0.389
9/26/2022 23:40,-0.383
9/26/2022 23:41,-0.376
9/26/2022 23:42,-0.37
9/26/2022 23:43,-0.364
9/26/2022 23:44,-0.358
9/26/2022 23:45,-0.351
9/26/2022 23:46,-0.345
9/26/2022 23:47,-0.339
9/26/2022 23:48,-0.333
9/26/2022 23:49,-0.326
9/26/2022 23:50,-0.32
9/26/2022 23:51,-0.314
9/26/2022 23:52,-0.307
9/26/2022 23:53,-0.301
9/26/2022 23:54,-0.295
9/26/2022 23:55,-0.289
9/26/2022 23:56,-0.282
9/26/2022 23:57,-0.276
9/26/2022 23:58,-0.27
9/26/2022 23:59,-0.263
9/27/2022 0:00,-0.257
9/27/2022 0:01,-0.251
9/27/2022 0:02,-0.244
9/27/2022 0:03,-0.238
9/27/2022 0:04,-0.232
9/27/2022 0:05,-0.225
9/27/2022 0:06,-0.219
9/27/2022 0:07,-0.213
9/27/2022 0:08,-0.206
9/27/2022 0:09,-0.2
9/27/2022 0:10,-0.193
9/27/2022 0:11,-0.187
9/27/2022 0:12,-0.18
9/27/2022 0:13,-0.174
9/27/2022 0:14,-0.167
9/27/2022 0:15,-0.161
9/27/2022 0:16,-0.154
9/27/2022 0:17,-0.148
9/27/2022 0:18,-0.141
9/27/2022 0:19,-0.134
9/27/2022 0:20,-0.128
9/27/2022 0:21,-0.121
9/27/2022 0:22,-0.114
9/27/2022 0:23,-0.108
9/27/2022 0:24,-0.101
9/27/2022 0:25,-0.094
9/27/2022 0:26,-0.088
9/27/2022 0:27,-0.081
9/27/2022 0:28,-0.074
9/27/2022 0:29,-0.067
9/27/2022 0:30,-0.06
9/27/2022 0:31,-0.053
9/27/2022 0:32,-0.047
9/27/2022 0:33,-0.04
9/27/2022 0:34,-0.033
9/27/2022 0:35,-0.026
9/27/2022 0:36,-0.019
9/27/2022 0:37,-0.013
9/27/2022 0:38,-0.006
9/27/2022 0:39,0.001
9/27/2022 0:40,0.008
9/27/2022 0:41,0.015
9/27/2022 0:42,0.021
9/27/2022 0:43,0.028
9/27/2022 0:44,0.035
9/27/2022 0:45,0.042
9/27/2022 0:46,0.049
9/27/2022 0:47,0.056
9/27/2022 0:48,0.062
9/27/2022 0:49,0.069
9/27/2022 0:50,0.076
9/27/2022 0:51,0.083
9/27/2022 0:52,0.09
9/27/2022 0:53,0.096
9/27/2022 0:54,0.103
9/27/2022 0:55,0.11
9/27/2022 0:56,0.117
9/27/2022 0:57,0.124
9/27/2022 0:58,0.131
9/27/2022 0:59,0.137
9/27/2022 1:00,0.144
9/27/2022 1:01,0.151
9/27/2022 1:02,0.158
9/27/2022 1:03,0.164
9/27/2022 1:04,0.171
9/27/2022 1:05,0.178
9/27/2022 1:06,0.184
9/27/2022 1:07,0.191
9/27/2022 1:08,0.197
9/27/2022 1:09,0.204
9/27/2022 1:10,0.21
9/27/2022 1:11,0.216
9/27/2022 1:12,0.223
9/27/2022 1:13,0.229
9/27/2022 1:14,0.235
9/27/2022 1:15,0.241
9/27/2022 1:16,0.248
9/27/2022 1:17,0.254
9/27/2022 1:18,0.26
9/27/2022 1:19,0.266
9/27/2022 1:20,0.272
9/27/2022 1:21,0.278
9/27/2022 1:22,0.284
9/27/2022 1:23,0.29
9/27/2022 1:24,0.295
9/27/2022 1:25,0.301
9/27/2022 1:26,0.307
9/27/2022 1:27,0.313
9/27/2022 1:28,0.318
9/27/2022 1:29,0.324
9/27/2022 1:30,0.33
9/27/2022 1:31,0.335
9/27/2022 1:32,0.341
9/27/2022 1:33,0.346
9/27/2022 1:34,0.352
9/27/2022 1:35,0.357
9/27/2022 1:36,0.363
9/27/2022 1:37,0.369
9/27/2022 1:38,0.374
9/27/2022 1:39,0.38
9/27/2022 1:40,0.385
9/27/2022 1:41,0.391
9/27/2022 1:42,0.397
9/27/2022 1:43,0.402
9/27/2022 1:44,0.408
9/27/2022 1:45,0.413
9/27/2022 1:46,0.419
9/27/2022 1:47,0.424
9/27/2022 1:48,0.43
9/27/2022 1:49,0.436
9/27/2022 1:50,0.441
9/27/2022 1:51,0.447
9/27/2022 1:52,0.452
9/27/2022 1:53,0.458
9/27/2022 1:54,0.464
9/27/2022 1:55,0.469
9/27/2022 1:56,0.475
9/27/2022 1:57,0.48
9/27/2022 1:58,0.486
9/27/2022 1:59,0.491
9/27/2022 2:00,0.497
9/27/2022 2:01,0.502
9/27/2022 2:02,0.508
9/27/2022 2:03,0.513
9/27/2022 2:04,0.518
9/27/2022 2:05,0.524
9/27/2022 2:06,0.529
9/27/2022 2:07,0.534
9/27/2022 2:08,0.538
9/27/2022 2:09,0.543
9/27/2022 2:10,0.548
9/27/2022 2:11,0.553
9/27/2022 2:12,0.557
9/27/2022 2:13,0.562
9/27/2022 2:14,0.566
9/27/2022 2:15,0.57
9/27/2022 2:16,0.574
9/27/2022 2:17,0.578
9/27/2022 2:18,0.582
9/27/2022 2:19,0.586
9/27/2022 2:20,0.59
9/27/2022 2:21,0.594
9/27/2022 2:22,0.597
9/27/2022 2:23,0.601
9/27/2022 2:24,0.604
9/27/2022 2:25,0.608
9/27/2022 2:26,0.611
9/27/2022 2:27,0.614
9/27/2022 2:28,0.617
9/27/2022 2:29,0.62
9/27/2022 2:30,0.623
9/27/2022 2:31,0.626
9/27/2022 2:32,0.629
9/27/2022 2:33,0.632
9/27/2022 2:34,0.635
9/27/2022 2:35,0.638
9/27/2022 2:36,0.641
9/27/2022 2:37,0.644
9/27/2022 2:38,0.647
9/27/2022 2:39,0.649
9/27/2022 2:40,0.652
9/27/2022 2:41,0.655
9/27/2022 2:42,0.658
9/27/2022 2:43,0.661
9/27/2022 2:44,0.664
9/27/2022 2:45,0.667
9/27/2022 2:46,0.67
9/27/2022 2:47,0.673
9/27/2022 2:48,0.676
9/27/2022 2:49,0.679
9/27/2022 2:50,0.682
9/27/2022 2:51,0.684
9/27/2022 2:52,0.687
9/27/2022 2:53,0.69
9/27/2022 2:54,0.693
9/27/2022 2:55,0.696
9/27/2022 2:56,0.699
9/27/2022 2:57,0.702
9/27/2022 2:58,0.705
9/27/2022 2:59,0.708
9/27/2022 3:00,0.711
9/27/2022 3:01,0.713
9/27/2022 3:02,0.716
9/27/2022 3:03,0.719
9/27/2022 3:04,0.721
9/27/2022 3:05,0.724
9/27/2022 3:06,0.726
9/27/2022 3:07,0.728
9/27/2022 3:08,0.73
9/27/2022 3:09,0.732
9/27/2022 3:10,0.734
9/27/2022 3:11,0.735
9/27/2022 3:12,0.737
9/27/2022 3:13,0.738
9/27/2022 3:14,0.74
9/27/2022 3:15,0.741
9/27/2022 3:16,0.742
9/27/2022 3:17,0.743
9/27/2022 3:18,0.744
9/27/2022 3:19,0.744
9/27/2022 3:20,0.745
9/27/2022 3:21,0.746
9/27/2022 3:22,0.746
9/27/2022 3:23,0.746
9/27/2022 3:24,0.746
9/27/2022 3:25,0.747
9/27/2022 3:26,0.747
9/27/2022 3:27,0.746
9/27/2022 3:28,0.746
9/27/2022 3:29,0.746
9/27/2022 3:30,0.745
9/27/2022 3:31,0.745
9/27/2022 3:32,0.744
9/27/2022 3:33,0.744
9/27/2022 3:34,0.743
9/27/2022 3:35,0.743
9/27/2022 3:36,0.742
9/27/2022 3:37,0.742
9/27/2022 3:38,0.741
9/27/2022 3:39,0.741
9/27/2022 3:40,0.74
9/27/2022 3:41,0.74
9/27/2022 3:42,0.739
9/27/2022 3:43,0.739
9/27/2022 3:44,0.738
9/27/2022 3:45,0.738
9/27/2022 3:46,0.737
9/27/2022 3:47,0.737
9/27/2022 3:48,0.736
9/27/2022 3:49,0.736
9/27/2022 3:50,0.735
9/27/2022 3:51,0.735
9/27/2022 3:52,0.734
9/27/2022 3:53,0.734
9/27/2022 3:54,0.733
9/27/2022 3:55,0.733
9/27/2022 3:56,0.732
9/27/2022 3:57,0.732
9/27/2022 3:58,0.731
9/27/2022 3:59,0.731
9/27/2022 4:00,0.73
9/27/2022 4:01,0.73
9/27/2022 4:02,0.729
9/27/2022 4:03,0.728
9/27/2022 4:04,0.727
9/27/2022 4:05,0.726
9/27/2022 4:06,0.725
9/27/2022 4:07,0.724
9/27/2022 4:08,0.722
9/27/2022 4:09,0.721
9/27/2022 4:10,0.719
9/27/2022 4:11,0.718
9/27/2022 4:12,0.716
9/27/2022 4:13,0.714
9/27/2022 4:14,0.712
9/27/2022 4:15,0.71
9/27/2022 4:16,0.707
9/27/2022 4:17,0.705
9/27/2022 4:18,0.703
9/27/2022 4:19,0.7
9/27/2022 4:20,0.697
9/27/2022 4:21,0.694
9/27/2022 4:22,0.692
9/27/2022 4:23,0.689
9/27/2022 4:24,0.685
9/27/2022 4:25,0.682
9/27/2022 4:26,0.679
9/27/2022 4:27,0.675
9/27/2022 4:28,0.672
9/27/2022 4:29,0.668
9/27/2022 4:30,0.664
9/27/2022 4:31,0.661
9/27/2022 4:32,0.657
9/27/2022 4:33,0.653
9/27/2022 4:34,0.649
9/27/2022 4:35,0.645
9/27/2022 4:36,0.642
9/27/2022 4:37,0.638
9/27/2022 4:38,0.634
9/27/2022 4:39,0.63
9/27/2022 4:40,0.626
9/27/2022 4:41,0.623
9/27/2022 4:42,0.619
9/27/2022 4:43,0.615
9/27/2022 4:44,0.611
9/27/2022 4:45,0.608
9/27/2022 4:46,0.604
9/27/2022 4:47,0.6
9/27/2022 4:48,0.596
9/27/2022 4:49,0.592
9/27/2022 4:50,0.589
9/27/2022 4:51,0.585
9/27/2022 4:52,0.581
9/27/2022 4:53,0.577
9/27/2022 4:54,0.574
9/27/2022 4:55,0.57
9/27/2022 4:56,0.566
9/27/2022 4:57,0.562
9/27/2022 4:58,0.558
9/27/2022 4:59,0.555
9/27/2022 5:00,0.551
9/27/2022 5:01,0.547
9/27/2022 5:02,0.543
9/27/2022 5:03,0.539
9/27/2022 5:04,0.535
9/27/2022 5:05,0.531
9/27/2022 5:06,0.527
9/27/2022 5:07,0.522
9/27/2022 5:08,0.518
9/27/2022 5:09,0.513
9/27/2022 5:10,0.509
9/27/2022 5:11,0.504
9/27/2022 5:12,0.5
9/27/2022 5:13,0.495
9/27/2022 5:14,0.49
9/27/2022 5:15,0.485
9/27/2022 5:16,0.48
9/27/2022 5:17,0.475
9/27/2022 5:18,0.47
9/27/2022 5:19,0.464
9/27/2022 5:20,0.459
9/27/2022 5:21,0.454
9/27/2022 5:22,0.448
9/27/2022 5:23,0.443
9/27/2022 5:24,0.437
9/27/2022 5:25,0.431
9/27/2022 5:26,0.426
9/27/2022 5:27,0.42
9/27/2022 5:28,0.414
9/27/2022 5:29,0.408
9/27/2022 5:30,0.402
9/27/2022 5:31,0.396
9/27/2022 5:32,0.39
9/27/2022 5:33,0.383
9/27/2022 5:34,0.377
9/27/2022 5:35,0.371
9/27/2022 5:36,0.365
9/27/2022 5:37,0.359
9/27/2022 5:38,0.353
9/27/2022 5:39,0.347
9/27/2022 5:40,0.341
9/27/2022 5:41,0.335
9/27/2022 5:42,0.329
9/27/2022 5:43,0.323
9/27/2022 5:44,0.317
9/27/2022 5:45,0.31
9/27/2022 5:46,0.304
9/27/2022 5:47,0.298
9/27/2022 5:48,0.292
9/27/2022 5:49,0.286
9/27/2022 5:50,0.28
9/27/2022 5:51,0.274
9/27/2022 5:52,0.268
9/27/2022 5:53,0.262
9/27/2022 5:54,0.256
9/27/2022 5:55,0.25
9/27/2022 5:56,0.244
9/27/2022 5:57,0.237
9/27/2022 5:58,0.231
9/27/2022 5:59,0.225
9/27/2022 6:00,0.219
9/27/2022 6:01,0.213
9/27/2022 6:02,0.207
9/27/2022 6:03,0.201
9/27/2022 6:04,0.195
9/27/2022 6:05,0.188
9/27/2022 6:06,0.182
9/27/2022 6:07,0.176
9/27/2022 6:08,0.17
9/27/2022 6:09,0.163
9/27/2022 6:10,0.157
9/27/2022 6:11,0.151
9/27/2022 6:12,0.144
9/27/2022 6:13,0.138
9/27/2022 6:14,0.132
9/27/2022 6:15,0.125
9/27/2022 6:16,0.119
9/27/2022 6:17,0.112
9/27/2022 6:18,0.106
9/27/2022 6:19,0.099
9/27/2022 6:20,0.093
9/27/2022 6:21,0.086
9/27/2022 6:22,0.08
9/27/2022 6:23,0.073
9/27/2022 6:24,0.066
9/27/2022 6:25,0.06
9/27/2022 6:26,0.053
9/27/2022 6:27,0.046
9/27/2022 6:28,0.04
9/27/2022 6:29,0.033
9/27/2022 6:30,0.026
9/27/2022 6:31,0.019
9/27/2022 6:32,0.013
9/27/2022 6:33,0.006
9/27/2022 6:34,-0.001
9/27/2022 6:35,-0.008
9/27/2022 6:36,-0.014
9/27/2022 6:37,-0.021
9/27/2022 6:38,-0.028
9/27/2022 6:39,-0.035
9/27/2022 6:40,-0.042
9/27/2022 6:41,-0.048
9/27/2022 6:42,-0.055
9/27/2022 6:43,-0.062
9/27/2022 6:44,-0.069
9/27/2022 6:45,-0.075
9/27/2022 6:46,-0.082
9/27/2022 6:47,-0.089
9/27/2022 6:48,-0.096
9/27/2022 6:49,-0.102
9/27/2022 6:50,-0.109
9/27/2022 6:51,-0.116
9/27/2022 6:52,-0.123
9/27/2022 6:53,-0.13
9/27/2022 6:54,-0.136
9/27/2022 6:55,-0.143
9/27/2022 6:56,-0.15
9/27/2022 6:57,-0.157
9/27/2022 6:58,-0.163
9/27/2022 6:59,-0.17
9/27/2022 7:00,-0.177
9/27/2022 7:01,-0.184
9/27/2022 7:02,-0.19
9/27/2022 7:03,-0.197
9/27/2022 7:04,-0.204
9/27/2022 7:05,-0.21
9/27/2022 7:06,-0.217
9/27/2022 7:07,-0.223
9/27/2022 7:08,-0.23
9/27/2022 7:09,-0.236
9/27/2022 7:10,-0.242
9/27/2022 7:11,-0.249
9/27/2022 7:12,-0.255
9/27/2022 7:13,-0.261
9/27/2022 7:14,-0.267
9/27/2022 7:15,-0.274
9/27/2022 7:16,-0.28
9/27/2022 7:17,-0.286
9/27/2022 7:18,-0.292
9/27/2022 7:19,-0.298
9/27/2022 7:20,-0.304
9/27/2022 7:21,-0.31
9/27/2022 7:22,-0.316
9/27/2022 7:23,-0.322
9/27/2022 7:24,-0.327
9/27/2022 7:25,-0.333
9/27/2022 7:26,-0.339
9/27/2022 7:27,-0.345
9/27/2022 7:28,-0.35
9/27/2022 7:29,-0.356
9/27/2022 7:30,-0.362
9/27/2022 7:31,-0.367
9/27/2022 7:32,-0.373
9/27/2022 7:33,-0.378
9/27/2022 7:34,-0.384
9/27/2022 7:35,-0.389
9/27/2022 7:36,-0.395
9/27/2022 7:37,-0.401
9/27/2022 7:38,-0.406
9/27/2022 7:39,-0.412
9/27/2022 7:40,-0.417
9/27/2022 7:41,-0.423
9/27/2022 7:42,-0.429
9/27/2022 7:43,-0.434
9/27/2022 7:44,-0.44
9/27/2022 7:45,-0.445
9/27/2022 7:46,-0.451
9/27/2022 7:47,-0.456
9/27/2022 7:48,-0.462
9/27/2022 7:49,-0.468
9/27/2022 7:50,-0.473
9/27/2022 7:51,-0.479
9/27/2022 7:52,-0.484
9/27/2022 7:53,-0.49
9/27/2022 7:54,-0.496
9/27/2022 7:55,-0.501
9/27/2022 7:56,-0.507
9/27/2022 7:57,-0.512
9/27/2022 7:58,-0.518
9/27/2022 7:59,-0.523
9/27/2022 8:00,-0.529
9/27/2022 8:01,-0.534
9/27/2022 8:02,-0.54
9/27/2022 8:03,-0.545
9/27/2022 8:04,-0.55
9/27/2022 8:05,-0.556
9/27/2022 8:06,-0.561
9/27/2022 8:07,-0.566
9/27/2022 8:08,-0.57
9/27/2022 8:09,-0.575
9/27/2022 8:10,-0.58
9/27/2022 8:11,-0.584
9/27/2022 8:12,-0.589
9/27/2022 8:13,-0.593
9/27/2022 8:14,-0.598
9/27/2022 8:15,-0.602
9/27/2022 8:16,-0.606
9/27/2022 8:17,-0.61
9/27/2022 8:18,-0.614
9/27/2022 8:19,-0.618
9/27/2022 8:20,-0.622
9/27/2022 8:21,-0.625
9/27/2022 8:22,-0.629
9/27/2022 8:23,-0.632
9/27/2022 8:24,-0.636
9/27/2022 8:25,-0.639
9/27/2022 8:26,-0.642
9/27/2022 8:27,-0.646
9/27/2022 8:28,-0.649
9/27/2022 8:29,-0.652
9/27/2022 8:30,-0.654
9/27/2022 8:31,-0.657
9/27/2022 8:32,-0.66
9/27/2022 8:33,-0.663
9/27/2022 8:34,-0.666
9/27/2022 8:35,-0.669
9/27/2022 8:36,-0.672
9/27/2022 8:37,-0.675
9/27/2022 8:38,-0.677
9/27/2022 8:39,-0.68
9/27/2022 8:40,-0.683
9/27/2022 8:41,-0.686
9/27/2022 8:42,-0.689
9/27/2022 8:43,-0.692
9/27/2022 8:44,-0.695
9/27/2022 8:45,-0.697
9/27/2022 8:46,-0.7
9/27/2022 8:47,-0.703
9/27/2022 8:48,-0.706
9/27/2022 8:49,-0.709
9/27/2022 8:50,-0.712
9/27/2022 8:51,-0.715
9/27/2022 8:52,-0.717
9/27/2022 8:53,-0.72
9/27/2022 8:54,-0.723
9/27/2022 8:55,-0.726
9/27/2022 8:56,-0.729
9/27/2022 8:57,-0.732
9/27/2022 8:58,-0.735
9/27/2022 8:59,-0.738
9/27/2022 9:00,-0.74
9/27/2022 9:01,-0.743
9/27/2022 9:02,-0.746
9/27/2022 9:03,-0.748
9/27/2022 9:04,-0.751
9/27/2022 9:05,-0.753
9/27/2022 9:06,-0.755
9/27/2022 9:07,-0.757
9/27/2022 9:08,-0.759
9/27/2022 9:09,-0.761
9/27/2022 9:10,-0.763
9/27/2022 9:11,-0.764
9/27/2022 9:12,-0.766
9/27/2022 9:13,-0.767
9/27/2022 9:14,-0.768
9/27/2022 9:15,-0.769
9/27/2022 9:16,-0.77
9/27/2022 9:17,-0.771
9/27/2022 9:18,-0.772
9/27/2022 9:19,-0.772
9/27/2022 9:20,-0.773
9/27/2022 9:21,-0.773
9/27/2022 9:22,-0.773
9/27/2022 9:23,-0.774
9/27/2022 9:24,-0.774
9/27/2022 9:25,-0.773
9/27/2022 9:26,-0.773
9/27/2022 9:27,-0.773
9/27/2022 9:28,-0.772
9/27/2022 9:29,-0.772
9/27/2022 9:30,-0.771
9/27/2022 9:31,-0.77
9/27/2022 9:32,-0.77
9/27/2022 9:33,-0.769
9/27/2022 9:34,-0.768
9/27/2022 9:35,-0.768
9/27/2022 9:36,-0.767
9/27/2022 9:37,-0.766
9/27/2022 9:38,-0.766
9/27/2022 9:39,-0.765
9/27/2022 9:40,-0.764
9/27/2022 9:41,-0.763
9/27/2022 9:42,-0.763
9/27/2022 9:43,-0.762
9/27/2022 9:44,-0.761
9/27/2022 9:45,-0.761
9/27/2022 9:46,-0.76
9/27/2022 9:47,-0.759
9/27/2022 9:48,-0.759
9/27/2022 9:49,-0.758
9/27/2022 9:50,-0.757
9/27/2022 9:51,-0.756
9/27/2022 9:52,-0.756
9/27/2022 9:53,-0.755
9/27/2022 9:54,-0.754
9/27/2022 9:55,-0.754
9/27/2022 9:56,-0.753
9/27/2022 9:57,-0.752
9/27/2022 9:58,-0.752
9/27/2022 9:59,-0.751
9/27/2022 10:00,-0.75
9/27/2022 10:01,-0.749
9/27/2022 10:02,-0.748
9/27/2022 10:03,-0.747
9/27/2022 10:04,-0.746
9/27/2022 10:05,-0.745
9/27/2022 10:06,-0.744
9/27/2022 10:07,-0.742
9/27/2022 10:08,-0.74
9/27/2022 10:09,-0.739
9/27/2022 10:10,-0.737
9/27/2022 10:11,-0.735
9/27/2022 10:12,-0.733
9/27/2022 10:13,-0.731
9/27/2022 10:14,-0.728
9/27/2022 10:15,-0.726
9/27/2022 10:16,-0.723
9/27/2022 10:17,-0.721
9/27/2022 10:18,-0.718
9/27/2022 10:19,-0.715
9/27/2022 10:20,-0.712
9/27/2022 10:21,-0.709
9/27/2022 10:22,-0.706
9/27/2022 10:23,-0.702
9/27/2022 10:24,-0.699
9/27/2022 10:25,-0.695
9/27/2022 10:26,-0.692
9/27/2022 10:27,-0.688
9/27/2022 10:28,-0.684
9/27/2022 10:29,-0.68
9/27/2022 10:30,-0.676
9/27/2022 10:31,-0.672
9/27/2022 10:32,-0.667
9/27/2022 10:33,-0.663
9/27/2022 10:34,-0.659
9/27/2022 10:35,-0.655
9/27/2022 10:36,-0.651
9/27/2022 10:37,-0.647
9/27/2022 10:38,-0.642
9/27/2022 10:39,-0.638
9/27/2022 10:40,-0.634
9/27/2022 10:41,-0.63
9/27/2022 10:42,-0.626
9/27/2022 10:43,-0.622
9/27/2022 10:44,-0.618
9/27/2022 10:45,-0.613
9/27/2022 10:46,-0.609
9/27/2022 10:47,-0.605
9/27/2022 10:48,-0.601
9/27/2022 10:49,-0.597
9/27/2022 10:50,-0.593
9/27/2022 10:51,-0.588
9/27/2022 10:52,-0.584
9/27/2022 10:53,-0.58
9/27/2022 10:54,-0.576
9/27/2022 10:55,-0.572
9/27/2022 10:56,-0.568
9/27/2022 10:57,-0.564
9/27/2022 10:58,-0.559
9/27/2022 10:59,-0.555
9/27/2022 11:00,-0.551
9/27/2022 11:01,-0.547
9/27/2022 11:02,-0.543
9/27/2022 11:03,-0.538
9/27/2022 11:04,-0.534
9/27/2022 11:05,-0.529
9/27/2022 11:06,-0.525
9/27/2022 11:07,-0.52
9/27/2022 11:08,-0.515
9/27/2022 11:09,-0.51
9/27/2022 11:10,-0.505
9/27/2022 11:11,-0.5
9/27/2022 11:12,-0.495
9/27/2022 11:13,-0.49
9/27/2022 11:14,-0.485
9/27/2022 11:15,-0.479
9/27/2022 11:16,-0.474
9/27/2022 11:17,-0.468
9/27/2022 11:18,-0.463
9/27/2022 11:19,-0.457
9/27/2022 11:20,-0.451
9/27/2022 11:21,-0.445
9/27/2022 11:22,-0.439
9/27/2022 11:23,-0.433
9/27/2022 11:24,-0.427
9/27/2022 11:25,-0.421
9/27/2022 11:26,-0.415
9/27/2022 11:27,-0.409
9/27/2022 11:28,-0.402
9/27/2022 11:29,-0.396
9/27/2022 11:30,-0.389
9/27/2022 11:31,-0.383
9/27/2022 11:32,-0.376
9/27/2022 11:33,-0.37
9/27/2022 11:34,-0.363
9/27/2022 11:35,-0.356
9/27/2022 11:36,-0.35
9/27/2022 11:37,-0.343
9/27/2022 11:38,-0.337
9/27/2022 11:39,-0.33
9/27/2022 11:40,-0.324
9/27/2022 11:41,-0.317
9/27/2022 11:42,-0.31
9/27/2022 11:43,-0.304
9/27/2022 11:44,-0.297
9/27/2022 11:45,-0.291
9/27/2022 11:46,-0.284
9/27/2022 11:47,-0.278
9/27/2022 11:48,-0.271
9/27/2022 11:49,-0.264
9/27/2022 11:50,-0.258
9/27/2022 11:51,-0.251
9/27/2022 11:52,-0.245
9/27/2022 11:53,-0.238
9/27/2022 11:54,-0.232
9/27/2022 11:55,-0.225
9/27/2022 11:56,-0.218
9/27/2022 11:57,-0.212
9/27/2022 11:58,-0.205
9/27/2022 11:59,-0.199
9/27/2022 12:00,-0.192
